Date ,Day,Month Name,Quarter,Year,series ,OPEN ,HIGH ,LOW ,PREV. CLOSE ,ltp ,close ,vwap ,52W H ,52W L ,VOLUME ,VALUE ,No of trades 
11-07-2025,Friday,July,Q3,2025,EQ,1998.00,2004.80,1980.90,2006.20,1983.00,1983.70,1987.41,2027.10,1588.05,6258461.00,12438153798.20,125871.00
10-07-2025,Thursday,July,Q3,2025,EQ,2016.00,2017.00,2000.00,2011.20,2002.80,2006.20,2008.54,2027.10,1588.05,8515155.00,17103052403.80,184619.00
09-07-2025,Wednesday,July,Q3,2025,EQ,2007.00,2013.80,1998.10,2001.40,2008.50,2011.20,2007.10,2027.10,1588.05,6930714.00,13910645549.40,151284.00
08-07-2025,Tuesday,July,Q3,2025,EQ,1977.00,2005.00,1977.00,1987.40,1999.40,2001.40,1992.88,2027.10,1588.05,7612158.00,15170095365.50,199823.00
07-07-2025,Monday,July,Q3,2025,EQ,1989.00,1998.40,1983.80,1989.30,1985.50,1987.40,1989.37,2027.10,1588.05,5674713.00,11289078543.00,163393.00
04-07-2025,Friday,July,Q3,2025,EQ,1987.10,2003.50,1980.00,1987.10,1992.70,1989.30,1987.51,2027.10,1588.05,3931972.00,7814832915.60,150676.00
03-07-2025,Thursday,July,Q3,2025,EQ,1994.90,2008.00,1984.30,1986.00,1985.90,1987.10,1993.22,2027.10,1588.05,8430253.00,16803371805.60,182242.00
02-07-2025,Wednesday,July,Q3,2025,EQ,2019.90,2019.90,1977.90,2012.10,1985.50,1986.00,1990.25,2027.10,1588.05,9439125.00,18786219250.60,268429.00
01-07-2025,Tuesday,July,Q3,2025,EQ,2005.00,2016.00,2004.00,2001.50,2011.10,2012.10,2010.15,2027.10,1588.05,7194693.00,14462421818.60,169976.00
30-06-2025,Monday,June,Q2,2025,EQ,2011.50,2013.80,1995.50,2014.90,2000.00,2001.50,2001.16,2027.10,1588.05,6824510.00,13656939181.00,199780.00
27-06-2025,Friday,June,Q2,2025,EQ,2013.00,2019.80,1993.40,2021.80,2011.50,2014.90,2011.75,2027.10,1588.05,14106692.00,28379071385.70,226961.00
26-06-2025,Thursday,June,Q2,2025,EQ,1981.40,2027.10,1980.00,1980.20,2017.70,2021.80,2011.21,2027.10,1588.05,25042415.00,50365656414.50,343662.00
25-06-2025,Wednesday,June,Q2,2025,EQ,1966.00,1982.00,1963.90,1960.90,1980.00,1980.20,1977.13,1996.30,1588.05,9202966.00,18195446515.70,206190.00
24-06-2025,Tuesday,June,Q2,2025,EQ,1965.00,1979.00,1955.60,1948.40,1963.70,1960.90,1964.12,1996.30,1588.05,11312661.00,22219442191.50,231814.00
23-06-2025,Monday,June,Q2,2025,EQ,1948.40,1957.90,1941.80,1964.70,1948.10,1948.40,1948.19,1996.30,1588.05,5869759.00,11435395881.10,176324.00
20-06-2025,Friday,June,Q2,2025,EQ,1931.60,1969.90,1931.60,1935.30,1963.10,1964.70,1960.39,1996.30,1588.05,16450204.00,32248839586.40,261970.00
19-06-2025,Thursday,June,Q2,2025,EQ,1933.90,1946.80,1925.60,1933.90,1933.10,1935.30,1937.61,1996.30,1588.05,8438110.00,16349732658.70,202215.00
18-06-2025,Wednesday,June,Q2,2025,EQ,1917.00,1936.30,1917.00,1929.60,1932.50,1933.90,1928.12,1996.30,1588.05,9216908.00,17771302525.40,251910.00
17-06-2025,Tuesday,June,Q2,2025,EQ,1937.00,1941.60,1919.10,1935.40,1926.00,1929.60,1927.55,1996.30,1588.05,8489368.00,16363691276.80,219738.00
16-06-2025,Monday,June,Q2,2025,EQ,1924.00,1938.90,1920.10,1917.60,1936.90,1935.40,1933.31,1996.30,1588.05,8256873.00,15963122374.70,199177.00
13-06-2025,Friday,June,Q2,2025,EQ,1920.00,1933.00,1913.00,1943.40,1919.50,1917.60,1920.08,1996.30,1552.20,6058881.00,11633522704.60,187789.00
12-06-2025,Thursday,June,Q2,2025,EQ,1950.00,1961.00,1935.30,1950.40,1940.00,1943.40,1945.18,1996.30,1552.20,8174565.00,15901014848.90,179174.00
11-06-2025,Wednesday,June,Q2,2025,EQ,1967.60,1967.60,1947.00,1965.30,1947.90,1950.40,1956.28,1996.30,1552.20,5548197.00,10853832767.00,181762.00
10-06-2025,Tuesday,June,Q2,2025,EQ,1982.80,1982.80,1961.10,1978.90,1962.80,1965.30,1967.94,1996.30,1552.20,7766563.00,15284154944.50,281306.00
09-06-2025,Monday,June,Q2,2025,EQ,1995.00,1995.00,1975.90,1978.70,1980.10,1978.90,1982.15,1996.30,1552.20,6601294.00,13084780209.80,203285.00
06-06-2025,Friday,June,Q2,2025,EQ,1944.00,1996.30,1942.70,1949.60,1978.00,1978.70,1976.03,1996.30,1454.00,15063504.00,29765991590.30,354572.00
05-06-2025,Thursday,June,Q2,2025,EQ,1948.00,1958.90,1940.20,1941.20,1952.00,1949.60,1950.15,1978.90,1454.00,11127709.00,21700698216.20,216860.00
04-06-2025,Wednesday,June,Q2,2025,EQ,1921.00,1943.30,1920.90,1924.60,1939.50,1941.20,1935.52,1978.90,1454.00,6480771.00,12543693178.60,205372.00
03-06-2025,Tuesday,June,Q2,2025,EQ,1938.00,1952.00,1920.00,1932.10,1923.50,1924.60,1933.85,1978.90,1454.00,12188792.00,23571332796.70,202204.00
02-06-2025,Monday,June,Q2,2025,EQ,1930.10,1936.00,1908.00,1944.90,1931.00,1932.10,1924.65,1978.90,1454.00,7334411.00,14116152681.30,202297.00
30-05-2025,Friday,May,Q2,2025,EQ,1931.90,1948.80,1925.40,1927.50,1941.50,1944.90,1939.36,1978.90,1454.00,14374039.00,27876395261.10,152055.00
29-05-2025,Thursday,May,Q2,2025,EQ,1928.00,1940.80,1907.30,1923.50,1937.60,1927.50,1921.28,1978.90,1454.00,14458897.00,27779560938.60,215462.00
28-05-2025,Wednesday,May,Q2,2025,EQ,1920.20,1934.50,1917.70,1926.30,1928.40,1923.50,1922.92,1978.90,1454.00,9078797.00,17457806722.10,179687.00
27-05-2025,Tuesday,May,Q2,2025,EQ,1931.60,1948.00,1916.30,1940.20,1926.80,1926.30,1927.12,1978.90,1454.00,13081074.00,25208751300.70,202672.00
26-05-2025,Monday,May,Q2,2025,EQ,1935.00,1949.90,1926.90,1933.60,1940.30,1940.20,1939.47,1978.90,1454.00,5401430.00,10475911940.90,201842.00
23-05-2025,Friday,May,Q2,2025,EQ,1920.10,1937.00,1914.50,1919.90,1933.50,1933.60,1929.98,1978.90,1448.15,4783036.00,9231150800.40,116301.00
22-05-2025,Thursday,May,Q2,2025,EQ,1915.20,1924.20,1905.20,1926.80,1924.00,1919.90,1914.84,1978.90,1448.15,10653335.00,20399411133.40,255429.00
21-05-2025,Wednesday,May,Q2,2025,EQ,1927.00,1946.90,1921.10,1914.90,1925.20,1926.80,1930.42,1978.90,1448.15,7566020.00,14605582585.70,205548.00
20-05-2025,Tuesday,May,Q2,2025,EQ,1928.10,1934.60,1913.00,1938.70,1917.10,1914.90,1918.55,1978.90,1448.15,11939545.00,22906655882.10,176524.00
19-05-2025,Monday,May,Q2,2025,EQ,1937.00,1945.00,1931.00,1934.70,1937.10,1938.70,1938.13,1978.90,1448.15,5101482.00,9887338159.20,156815.00
16-05-2025,Friday,May,Q2,2025,EQ,1933.80,1943.80,1928.40,1933.80,1934.50,1934.70,1933.50,1978.90,1430.30,7934005.00,15340426257.00,175140.00
15-05-2025,Thursday,May,Q2,2025,EQ,1913.50,1944.80,1897.00,1910.60,1933.80,1933.80,1923.01,1978.90,1430.30,16120729.00,31000329957.90,224596.00
14-05-2025,Wednesday,May,Q2,2025,EQ,1922.10,1930.20,1903.00,1922.60,1913.50,1910.60,1914.76,1978.90,1430.30,7722654.00,14787000374.50,189542.00
13-05-2025,Tuesday,May,Q2,2025,EQ,1950.00,1961.70,1920.00,1957.20,1924.90,1922.60,1930.60,1978.90,1430.30,12121051.00,23400936924.40,234495.00
12-05-2025,Monday,May,Q2,2025,EQ,1917.60,1959.90,1912.30,1889.70,1956.40,1957.20,1948.86,1978.90,1430.30,9309486.00,18142865391.20,207249.00
09-05-2025,Friday,May,Q2,2025,EQ,1910.10,1919.00,1886.80,1928.50,1893.30,1889.70,1894.97,1978.90,1426.80,8594398.00,16286144558.60,292155.00
08-05-2025,Thursday,May,Q2,2025,EQ,1954.80,1954.80,1919.10,1945.60,1921.50,1928.50,1933.80,1978.90,1426.80,17401715.00,33651432174.30,280256.00
07-05-2025,Wednesday,May,Q2,2025,EQ,1934.00,1948.70,1922.40,1931.70,1945.00,1945.60,1939.91,1978.90,1426.80,10710389.00,20777145511.00,178998.00
06-05-2025,Tuesday,May,Q2,2025,EQ,1930.00,1940.10,1924.30,1936.80,1928.60,1931.70,1931.89,1978.90,1426.80,8745078.00,16894488689.10,140830.00
05-05-2025,Monday,May,Q2,2025,EQ,1939.00,1952.00,1932.30,1925.00,1935.80,1936.80,1940.79,1978.90,1426.80,7534012.00,14621940034.00,160044.00
02-05-2025,Friday,May,Q2,2025,EQ,1929.80,1941.90,1920.00,1925.00,1923.50,1925.00,1930.63,1978.90,1426.80,11406024.00,22020820771.50,236285.00
30-04-2025,Wednesday,April,Q2,2025,EQ,1913.00,1936.90,1910.30,1908.80,1920.10,1925.00,1925.02,1978.90,1426.80,15968435.00,30739492241.20,275126.00
29-04-2025,Tuesday,April,Q2,2025,EQ,1918.80,1928.80,1900.20,1920.20,1906.00,1908.80,1909.52,1978.90,1426.80,9459154.00,18062438512.30,186299.00
28-04-2025,Monday,April,Q2,2025,EQ,1911.20,1929.70,1908.40,1911.20,1921.00,1920.20,1922.17,1978.90,1426.80,6960246.00,13378745824.70,155527.00
25-04-2025,Friday,April,Q2,2025,EQ,1924.80,1933.00,1891.80,1916.80,1908.00,1911.20,1911.37,1978.90,1426.80,9250439.00,17681017343.80,201781.00
24-04-2025,Thursday,April,Q2,2025,EQ,1910.00,1923.90,1905.10,1923.90,1914.90,1916.80,1916.73,1978.90,1426.80,12965877.00,24852091752.80,227034.00
23-04-2025,Wednesday,April,Q2,2025,EQ,1978.90,1978.90,1920.50,1961.70,1920.70,1923.90,1939.04,1978.90,1426.80,15285321.00,29638923676.10,247823.00
22-04-2025,Tuesday,April,Q2,2025,EQ,1935.00,1970.60,1935.00,1927.10,1960.00,1961.70,1957.16,1970.60,1426.80,22980875.00,44977215852.40,512026.00
21-04-2025,Monday,April,Q2,2025,EQ,1924.00,1950.70,1910.00,1906.70,1925.20,1927.10,1930.83,1950.70,1426.80,17123649.00,33062832499.30,411337.00
17-04-2025,Thursday,April,Q2,2025,EQ,1882.00,1919.70,1876.70,1878.00,1905.80,1906.70,1901.41,1919.70,1426.80,17851542.00,33943168763.20,394807.00
16-04-2025,Wednesday,April,Q2,2025,EQ,1883.80,1883.80,1860.50,1864.90,1875.90,1878.00,1874.15,1883.80,1426.80,9568410.00,17932665363.90,252887.00
15-04-2025,Tuesday,April,Q2,2025,EQ,1865.00,1876.80,1855.00,1806.75,1865.60,1864.90,1866.76,1880.00,1426.80,24649172.00,46014108976.00,360194.00
11-04-2025,Friday,April,Q2,2025,EQ,1774.75,1819.40,1774.75,1765.00,1805.20,1806.75,1803.31,1880.00,1426.80,16387883.00,29552499474.85,395826.00
09-04-2025,Wednesday,April,Q2,2025,EQ,1765.00,1775.00,1753.50,1769.15,1765.30,1765.00,1761.66,1880.00,1426.80,11227304.00,19778728957.55,207950.00
08-04-2025,Tuesday,April,Q2,2025,EQ,1765.00,1782.00,1750.30,1757.70,1770.15,1769.15,1769.16,1880.00,1426.80,17781936.00,31459003790.15,355184.00
07-04-2025,Monday,April,Q2,2025,EQ,1762.80,1779.85,1738.20,1817.30,1760.05,1757.70,1759.15,1880.00,1426.80,18997725.00,33419875202.00,374557.00
04-04-2025,Friday,April,Q2,2025,EQ,1813.00,1841.95,1811.10,1794.85,1816.80,1817.30,1824.22,1880.00,1426.80,16770227.00,30592639918.20,316416.00
03-04-2025,Thursday,April,Q2,2025,EQ,1781.10,1804.00,1777.00,1796.90,1792.80,1794.85,1794.09,1880.00,1426.80,5625019.00,10091817304.10,147618.00
02-04-2025,Wednesday,April,Q2,2025,EQ,1770.70,1799.20,1770.70,1767.85,1798.90,1796.90,1791.24,1880.00,1426.80,5786782.00,10365535361.90,144509.00
01-04-2025,Tuesday,April,Q2,2025,EQ,1802.00,1809.90,1765.35,1828.20,1769.90,1767.85,1781.74,1880.00,1426.80,14255503.00,25399632617.35,409481.00
28-03-2025,Friday,March,Q1,2025,EQ,1829.00,1836.00,1805.85,1825.35,1825.50,1828.20,1821.88,1880.00,1421.25,14386824.00,26211031845.90,276619.00
27-03-2025,Thursday,March,Q1,2025,EQ,1800.00,1841.00,1798.10,1806.55,1821.20,1825.35,1827.55,1880.00,1421.25,20829050.00,38066130418.30,416415.00
26-03-2025,Wednesday,March,Q1,2025,EQ,1825.00,1827.50,1802.00,1821.45,1803.00,1806.55,1814.11,1880.00,1421.25,12239221.00,22203311052.10,265431.00
25-03-2025,Tuesday,March,Q1,2025,EQ,1804.90,1843.70,1801.50,1800.00,1816.00,1821.45,1825.84,1880.00,1421.25,19550708.00,35696516139.20,407401.00
24-03-2025,Monday,March,Q1,2025,EQ,1779.00,1804.40,1773.65,1770.35,1802.80,1800.00,1794.28,1880.00,1421.25,8696868.00,15604655158.80,286856.00
21-03-2025,Friday,March,Q1,2025,EQ,1755.55,1774.10,1755.55,1768.75,1772.50,1770.35,1766.98,1880.00,1421.25,16754132.00,29604196148.95,210244.00
20-03-2025,Thursday,March,Q1,2025,EQ,1754.00,1774.00,1749.30,1744.10,1766.60,1768.75,1760.62,1880.00,1421.25,8916989.00,15699398473.15,218030.00
19-03-2025,Wednesday,March,Q1,2025,EQ,1735.00,1751.00,1732.20,1732.20,1743.95,1744.10,1743.72,1880.00,1421.25,7610703.00,13270934759.25,201878.00
18-03-2025,Tuesday,March,Q1,2025,EQ,1728.00,1737.40,1715.05,1710.40,1735.60,1732.20,1729.28,1880.00,1421.25,10953589.00,18941785563.70,248631.00
17-03-2025,Monday,March,Q1,2025,EQ,1705.00,1724.00,1705.00,1706.60,1710.50,1710.40,1711.13,1880.00,1421.25,9475957.00,16214635449.55,365060.00
13-03-2025,Thursday,March,Q1,2025,EQ,1716.05,1720.80,1700.05,1711.15,1705.00,1706.60,1711.11,1880.00,1421.25,7868132.00,13463215400.70,185351.00
12-03-2025,Wednesday,March,Q1,2025,EQ,1691.55,1718.50,1691.55,1685.50,1711.80,1711.15,1710.44,1880.00,1421.25,9392053.00,16064564334.10,277146.00
11-03-2025,Tuesday,March,Q1,2025,EQ,1682.40,1694.00,1670.05,1687.50,1687.90,1685.50,1685.65,1880.00,1421.25,9949215.00,16770918814.65,272484.00
10-03-2025,Monday,March,Q1,2025,EQ,1689.00,1699.90,1683.05,1689.25,1688.70,1687.50,1689.67,1880.00,1421.25,7802025.00,13182846005.05,284969.00
07-03-2025,Friday,March,Q1,2025,EQ,1682.00,1701.15,1677.60,1691.20,1688.00,1689.25,1690.66,1880.00,1421.25,6686457.00,11304555576.90,191461.00
06-03-2025,Thursday,March,Q1,2025,EQ,1687.00,1699.90,1672.25,1690.00,1692.40,1691.20,1686.14,1880.00,1421.25,16483044.00,27792685275.85,399697.00
05-03-2025,Wednesday,March,Q1,2025,EQ,1701.95,1710.80,1688.25,1710.00,1692.10,1690.00,1695.97,1880.00,1421.25,10791936.00,18302795483.00,361183.00
04-03-2025,Tuesday,March,Q1,2025,EQ,1698.00,1714.30,1693.25,1701.55,1711.30,1710.00,1706.30,1880.00,1421.25,9960479.00,16995592810.65,323741.00
03-03-2025,Monday,March,Q1,2025,EQ,1739.80,1743.05,1694.10,1732.40,1703.55,1701.55,1709.27,1880.00,1421.25,10602682.00,18122815702.35,298350.00
28-02-2025,Friday,February,Q1,2025,EQ,1685.00,1737.25,1685.00,1700.70,1730.15,1732.40,1721.14,1880.00,1397.30,27258364.00,46915554649.05,439035.00
27-02-2025,Thursday,February,Q1,2025,EQ,1682.55,1710.75,1682.55,1682.35,1698.25,1700.70,1701.04,1880.00,1397.30,17893400.00,30437323745.00,333728.00
25-02-2025,Tuesday,February,Q1,2025,EQ,1671.10,1688.00,1671.10,1677.10,1680.85,1682.35,1681.80,1880.00,1397.30,12069354.00,20298255600.95,222521.00
24-02-2025,Monday,February,Q1,2025,EQ,1681.10,1684.20,1661.10,1692.50,1677.00,1677.10,1672.34,1880.00,1397.30,10346823.00,17303402535.10,245559.00
21-02-2025,Friday,February,Q1,2025,EQ,1680.90,1694.95,1677.25,1687.10,1690.00,1692.50,1686.23,1880.00,1397.30,7840470.00,13220829593.15,292907.00
20-02-2025,Thursday,February,Q1,2025,EQ,1711.00,1714.70,1685.30,1727.20,1685.95,1687.10,1695.04,1880.00,1397.30,13195255.00,22366435828.30,246655.00
19-02-2025,Wednesday,February,Q1,2025,EQ,1717.00,1737.90,1712.45,1723.05,1725.05,1727.20,1727.42,1880.00,1397.30,5942056.00,10264454339.75,300603.00
18-02-2025,Tuesday,February,Q1,2025,EQ,1713.05,1731.55,1706.15,1717.35,1723.00,1723.05,1721.09,1880.00,1397.30,8175455.00,14070671116.40,322226.00
17-02-2025,Monday,February,Q1,2025,EQ,1685.20,1720.00,1681.25,1694.85,1719.00,1717.35,1702.14,1880.00,1397.30,6469473.00,11011975039.00,262946.00
14-02-2025,Friday,February,Q1,2025,EQ,1701.90,1701.90,1680.00,1697.70,1694.40,1694.85,1690.46,1880.00,1363.55,9979946.00,16870660139.45,309031.00
13-02-2025,Thursday,February,Q1,2025,EQ,1699.00,1714.25,1693.55,1706.80,1698.95,1697.70,1702.88,1880.00,1363.55,6301217.00,10730216799.15,200278.00
12-02-2025,Wednesday,February,Q1,2025,EQ,1693.00,1712.00,1681.20,1701.40,1710.65,1706.80,1696.59,1880.00,1363.55,11404785.00,19349271431.55,286053.00
11-02-2025,Tuesday,February,Q1,2025,EQ,1703.00,1711.00,1688.70,1715.75,1700.95,1701.40,1700.06,1880.00,1363.55,11362352.00,19316630388.15,182730.00
10-02-2025,Monday,February,Q1,2025,EQ,1717.30,1723.45,1708.50,1732.75,1716.60,1715.75,1715.57,1880.00,1363.55,8597975.00,14750390095.15,175150.00
07-02-2025,Friday,February,Q1,2025,EQ,1750.00,1767.00,1725.00,1743.85,1732.00,1732.75,1744.99,1880.00,1363.55,11754800.00,20512007682.55,326327.00
06-02-2025,Thursday,February,Q1,2025,EQ,1735.50,1749.00,1724.00,1737.80,1746.50,1743.85,1735.75,1880.00,1363.55,13380358.00,23225008521.55,225108.00
05-02-2025,Wednesday,February,Q1,2025,EQ,1733.00,1744.20,1718.90,1720.90,1734.80,1737.80,1733.84,1880.00,1363.55,11837753.00,20524785237.35,275185.00
04-02-2025,Tuesday,February,Q1,2025,EQ,1688.70,1725.80,1680.05,1678.00,1716.30,1720.90,1710.93,1880.00,1363.55,14308251.00,24480395914.25,342091.00
03-02-2025,Monday,February,Q1,2025,EQ,1670.00,1686.80,1663.45,1690.95,1679.60,1678.00,1679.49,1880.00,1363.55,10138270.00,17027093333.70,230780.00
01-02-2025,Saturday,February,Q1,2025,EQ,1697.50,1713.00,1676.05,1698.75,1692.00,1690.95,1694.22,1880.00,1363.55,2793764.00,4733238897.95,88839.00
31-01-2025,Friday,January,Q1,2025,EQ,1687.25,1704.70,1683.95,1691.50,1699.50,1698.75,1696.52,1880.00,1363.55,7910843.00,13420873179.40,215938.00
30-01-2025,Thursday,January,Q1,2025,EQ,1681.00,1697.90,1672.55,1677.30,1693.10,1691.50,1685.73,1880.00,1363.55,12872423.00,21699404205.05,263161.00
29-01-2025,Wednesday,January,Q1,2025,EQ,1675.00,1681.15,1668.85,1670.40,1676.00,1677.30,1675.45,1880.00,1363.55,6309945.00,10571994646.45,196187.00
28-01-2025,Tuesday,January,Q1,2025,EQ,1647.00,1684.30,1647.00,1629.80,1673.30,1670.40,1670.57,1880.00,1363.55,15089656.00,25208271808.85,350835.00
27-01-2025,Monday,January,Q1,2025,EQ,1641.10,1643.60,1626.00,1649.80,1629.50,1629.80,1632.37,1880.00,1363.55,11402083.00,18612439467.95,277125.00
24-01-2025,Friday,January,Q1,2025,EQ,1660.00,1670.30,1644.50,1664.90,1645.00,1649.80,1658.68,1880.00,1363.55,12118100.00,20100037678.05,271994.00
23-01-2025,Thursday,January,Q1,2025,EQ,1687.00,1687.00,1651.25,1666.05,1665.00,1664.90,1665.84,1880.00,1363.55,17454579.00,29076566202.70,445411.00
22-01-2025,Wednesday,January,Q1,2025,EQ,1642.40,1671.90,1625.45,1642.40,1671.90,1666.05,1653.85,1880.00,1363.55,15309653.00,25319845164.80,367130.00
21-01-2025,Tuesday,January,Q1,2025,EQ,1658.25,1661.05,1633.05,1651.25,1645.75,1642.40,1645.24,1880.00,1363.55,15579072.00,25631380761.95,270722.00
20-01-2025,Monday,January,Q1,2025,EQ,1626.00,1660.95,1626.00,1636.75,1652.85,1651.25,1646.81,1880.00,1363.55,8778809.00,14457009775.10,226533.00
17-01-2025,Friday,January,Q1,2025,EQ,1643.50,1650.50,1628.50,1652.05,1636.70,1636.75,1636.01,1880.00,1363.55,11556038.00,18905738551.00,214237.00
16-01-2025,Thursday,January,Q1,2025,EQ,1652.85,1660.55,1642.85,1643.05,1654.85,1652.05,1650.92,1880.00,1363.55,10606227.00,17510025478.45,215124.00
15-01-2025,Wednesday,January,Q1,2025,EQ,1656.50,1662.70,1636.30,1646.60,1645.70,1643.05,1648.56,1880.00,1363.55,7011446.00,11558819066.05,207907.00
14-01-2025,Tuesday,January,Q1,2025,EQ,1639.90,1656.20,1637.00,1630.85,1650.75,1646.60,1646.85,1880.00,1363.55,13330716.00,21953639202.10,315905.00
13-01-2025,Monday,January,Q1,2025,EQ,1640.00,1646.75,1624.30,1656.75,1632.10,1630.85,1634.50,1880.00,1363.55,10834533.00,17709048137.70,275849.00
10-01-2025,Friday,January,Q1,2025,EQ,1671.00,1674.90,1654.00,1667.80,1657.00,1656.75,1664.65,1880.00,1363.55,8726640.00,14526837756.80,215325.00
09-01-2025,Thursday,January,Q1,2025,EQ,1684.15,1689.00,1658.10,1694.30,1668.80,1667.80,1668.10,1880.00,1363.55,20210111.00,33712559507.35,484900.00
08-01-2025,Wednesday,January,Q1,2025,EQ,1708.25,1711.65,1683.35,1713.40,1694.20,1694.30,1694.07,1880.00,1363.55,9869095.00,16718930725.70,333259.00
07-01-2025,Tuesday,January,Q1,2025,EQ,1715.00,1721.00,1700.00,1710.50,1712.95,1713.40,1712.76,1880.00,1363.55,6763953.00,11585014112.50,183035.00
06-01-2025,Monday,January,Q1,2025,EQ,1740.10,1757.20,1705.80,1749.20,1711.00,1710.50,1725.21,1880.00,1363.55,9408174.00,16231088938.60,286152.00
03-01-2025,Friday,January,Q1,2025,EQ,1791.00,1795.25,1746.30,1793.75,1748.40,1749.20,1758.60,1880.00,1363.55,12213097.00,21477958569.15,331392.00
02-01-2025,Thursday,January,Q1,2025,EQ,1777.10,1803.45,1773.00,1782.75,1792.35,1793.75,1792.00,1880.00,1363.55,9279288.00,16628452536.95,207825.00
01-01-2025,Wednesday,January,Q1,2025,EQ,1773.45,1794.00,1761.10,1772.85,1784.95,1782.75,1781.22,1880.00,1363.55,3656903.00,6513766065.70,137050.00
31-12-2024,Tuesday,December,Q4,2024,EQ,1770.30,1781.80,1765.60,1777.90,1772.00,1772.85,1773.08,1880.00,1363.55,7058618.00,12515466451.75,178863.00
30-12-2024,Monday,December,Q4,2024,EQ,1792.20,1815.00,1771.00,1798.25,1784.00,1777.90,1785.20,1880.00,1363.55,11111109.00,19835603545.90,242576.00
27-12-2024,Friday,December,Q4,2024,EQ,1794.80,1805.95,1789.10,1790.75,1801.00,1798.25,1796.11,1880.00,1363.55,3629665.00,6519260348.40,118374.00
26-12-2024,Thursday,December,Q4,2024,EQ,1798.55,1812.00,1780.75,1798.10,1792.50,1790.75,1793.76,1880.00,1363.55,5240839.00,9400810018.35,206346.00
24-12-2024,Tuesday,December,Q4,2024,EQ,1802.05,1808.70,1789.55,1801.00,1799.65,1798.10,1798.76,1880.00,1363.55,7242917.00,13028270259.60,186401.00
23-12-2024,Monday,December,Q4,2024,EQ,1782.00,1806.00,1781.30,1771.50,1802.00,1801.00,1798.41,1880.00,1363.55,5522296.00,9931339240.15,196041.00
20-12-2024,Friday,December,Q4,2024,EQ,1782.20,1797.55,1767.05,1793.50,1777.10,1771.50,1778.49,1880.00,1363.55,12846174.00,22846837948.65,248859.00
19-12-2024,Thursday,December,Q4,2024,EQ,1799.60,1801.10,1779.00,1810.70,1794.00,1793.50,1791.37,1880.00,1363.55,12690385.00,22733148296.10,226833.00
18-12-2024,Wednesday,December,Q4,2024,EQ,1829.85,1836.00,1807.15,1833.25,1812.00,1810.70,1817.52,1880.00,1363.55,11711156.00,21285273596.85,235785.00
17-12-2024,Tuesday,December,Q4,2024,EQ,1856.35,1862.35,1826.50,1865.20,1829.90,1833.25,1840.34,1880.00,1363.55,10539766.00,19396785094.90,273231.00
16-12-2024,Monday,December,Q4,2024,EQ,1865.10,1869.95,1855.25,1871.75,1862.00,1865.20,1863.37,1880.00,1363.55,6553541.00,12211702096.00,177602.00
13-12-2024,Friday,December,Q4,2024,EQ,1862.50,1875.00,1829.25,1859.25,1873.30,1871.75,1858.29,1880.00,1363.55,9504501.00,17662074120.80,218405.00
12-12-2024,Thursday,December,Q4,2024,EQ,1851.00,1868.65,1848.70,1863.10,1858.00,1859.25,1858.38,1880.00,1363.55,8646895.00,16069241440.60,201479.00
11-12-2024,Wednesday,December,Q4,2024,EQ,1861.70,1871.90,1856.75,1868.10,1862.50,1863.10,1864.00,1880.00,1363.55,7022713.00,13090328471.35,233801.00
10-12-2024,Tuesday,December,Q4,2024,EQ,1877.70,1877.70,1858.55,1870.00,1867.65,1868.10,1867.30,1880.00,1363.55,6662740.00,12441343169.15,231195.00
09-12-2024,Monday,December,Q4,2024,EQ,1853.65,1880.00,1849.00,1855.85,1867.55,1870.00,1871.09,1880.00,1363.55,13473956.00,25211039597.45,234236.00
06-12-2024,Friday,December,Q4,2024,EQ,1857.00,1864.20,1844.00,1865.75,1855.45,1855.85,1856.73,1879.95,1363.55,8891578.00,16509303748.10,306905.00
05-12-2024,Thursday,December,Q4,2024,EQ,1860.00,1879.95,1835.20,1860.10,1864.85,1865.75,1862.43,1879.95,1363.55,19841357.00,36953040114.30,436462.00
04-12-2024,Wednesday,December,Q4,2024,EQ,1838.00,1865.00,1831.15,1826.30,1856.80,1860.10,1854.85,1865.00,1363.55,22334542.00,41427249107.90,436235.00
03-12-2024,Tuesday,December,Q4,2024,EQ,1822.70,1837.40,1816.10,1804.70,1825.30,1826.30,1827.25,1837.40,1363.55,21705121.00,39660723545.25,304635.00
02-12-2024,Monday,December,Q4,2024,EQ,1803.50,1808.15,1775.00,1796.05,1805.95,1804.70,1791.81,1836.10,1363.55,7555438.00,13537940498.05,219254.00
29-11-2024,Friday,November,Q4,2024,EQ,1801.30,1804.60,1782.90,1793.15,1795.50,1796.05,1793.91,1836.10,1363.55,13834768.00,24818389358.55,377555.00
28-11-2024,Thursday,November,Q4,2024,EQ,1819.00,1836.10,1788.00,1812.30,1793.00,1793.15,1808.45,1836.10,1363.55,17861196.00,32301109888.90,379898.00
27-11-2024,Wednesday,November,Q4,2024,EQ,1789.90,1817.35,1785.15,1785.55,1809.50,1812.30,1801.57,1817.35,1363.55,16357488.00,29469224217.60,330771.00
26-11-2024,Tuesday,November,Q4,2024,EQ,1810.00,1810.00,1769.80,1785.60,1786.40,1785.55,1784.75,1810.00,1363.55,15467783.00,27606061237.40,261322.00
25-11-2024,Monday,November,Q4,2024,EQ,1785.05,1803.55,1764.90,1745.60,1778.95,1785.60,1784.46,1803.55,1363.55,213868637.00,381639143690.10,600228.00
22-11-2024,Friday,November,Q4,2024,EQ,1743.55,1754.30,1729.55,1741.20,1742.10,1745.60,1743.57,1794.00,1363.55,12386806.00,21597223792.50,260956.00
21-11-2024,Thursday,November,Q4,2024,EQ,1749.40,1759.00,1734.20,1742.25,1739.95,1741.20,1743.63,1794.00,1363.55,17858256.00,31138162734.40,368837.00
19-11-2024,Tuesday,November,Q4,2024,EQ,1714.00,1753.75,1702.70,1705.10,1736.00,1742.25,1739.10,1794.00,1363.55,25490636.00,44330862947.85,458303.00
18-11-2024,Monday,November,Q4,2024,EQ,1700.00,1718.90,1695.00,1692.75,1708.30,1705.10,1707.94,1794.00,1363.55,13540984.00,23127123855.10,291631.00
14-11-2024,Thursday,November,Q4,2024,EQ,1673.10,1704.85,1672.10,1681.35,1692.40,1692.75,1692.96,1794.00,1363.55,13573235.00,22978907908.45,331159.00
13-11-2024,Wednesday,November,Q4,2024,EQ,1716.75,1729.40,1673.00,1718.20,1688.15,1681.35,1699.70,1794.00,1363.55,17864250.00,30363947641.30,384592.00
12-11-2024,Tuesday,November,Q4,2024,EQ,1772.00,1775.00,1708.65,1766.30,1719.00,1718.20,1731.71,1794.00,1363.55,15697703.00,27183831491.15,410691.00
11-11-2024,Monday,November,Q4,2024,EQ,1754.55,1782.80,1751.20,1754.45,1763.90,1766.30,1768.85,1794.00,1363.55,12282681.00,21726235735.65,366875.00
08-11-2024,Friday,November,Q4,2024,EQ,1752.00,1761.80,1745.85,1746.55,1751.90,1754.45,1754.62,1794.00,1363.55,9951493.00,17461070459.45,253333.00
07-11-2024,Thursday,November,Q4,2024,EQ,1744.30,1760.95,1738.00,1755.25,1743.50,1746.55,1746.60,1794.00,1363.55,9447728.00,16501384112.80,315964.00
06-11-2024,Wednesday,November,Q4,2024,EQ,1771.50,1771.50,1745.35,1757.85,1756.00,1755.25,1753.58,1794.00,1363.55,13893955.00,24364201740.05,249677.00
05-11-2024,Tuesday,November,Q4,2024,EQ,1703.00,1762.70,1697.90,1714.10,1753.50,1757.85,1736.40,1794.00,1363.55,22116203.00,38402543188.05,362395.00
04-11-2024,Monday,November,Q4,2024,EQ,1745.00,1745.00,1710.90,1737.30,1716.80,1714.10,1723.47,1794.00,1363.55,14044624.00,24205513156.95,342162.00
01-11-2024,Friday,November,Q4,2024,EQ,1733.00,1744.10,1726.10,1735.70,1737.00,1737.30,1738.79,1794.00,1363.55,879846.00,1529870165.60,69860.00
31-10-2024,Thursday,October,Q4,2024,EQ,1728.00,1738.90,1719.40,1734.60,1734.30,1735.70,1731.49,1794.00,1363.55,11447956.00,19822046508.90,277300.00
30-10-2024,Wednesday,October,Q4,2024,EQ,1742.00,1754.75,1724.20,1751.85,1737.00,1734.60,1736.38,1794.00,1363.55,16357862.00,28403432611.95,350916.00
29-10-2024,Tuesday,October,Q4,2024,EQ,1726.15,1764.00,1725.10,1734.20,1749.75,1751.85,1744.14,1794.00,1363.55,17897463.00,31215711397.75,381375.00
28-10-2024,Monday,October,Q4,2024,EQ,1742.00,1751.00,1728.90,1743.40,1737.00,1734.20,1738.17,1794.00,1363.55,11006071.00,19130422535.50,334425.00
25-10-2024,Friday,October,Q4,2024,EQ,1755.00,1757.85,1728.70,1749.65,1745.80,1743.40,1740.64,1794.00,1363.55,13065239.00,22741861620.40,337950.00
24-10-2024,Thursday,October,Q4,2024,EQ,1738.10,1768.65,1738.10,1735.80,1750.50,1749.65,1755.99,1794.00,1363.55,15416129.00,27070510755.60,342755.00
23-10-2024,Wednesday,October,Q4,2024,EQ,1705.05,1746.50,1705.05,1714.55,1736.20,1735.80,1736.32,1794.00,1363.55,19018045.00,33021503108.55,386048.00
22-10-2024,Tuesday,October,Q4,2024,EQ,1730.05,1740.00,1710.70,1728.70,1714.80,1714.55,1721.78,1794.00,1363.55,19437640.00,33467338354.45,411821.00
21-10-2024,Monday,October,Q4,2024,EQ,1715.00,1748.15,1711.05,1681.85,1725.00,1728.70,1732.82,1794.00,1363.55,23274177.00,40330032735.80,574448.00
18-10-2024,Friday,October,Q4,2024,EQ,1663.10,1691.00,1654.10,1673.15,1684.80,1681.85,1674.90,1794.00,1363.55,12404862.00,20776848848.90,232916.00
17-10-2024,Thursday,October,Q4,2024,EQ,1694.95,1697.65,1665.20,1699.80,1672.70,1673.15,1676.22,1794.00,1363.55,7347866.00,12316627212.90,199044.00
16-10-2024,Wednesday,October,Q4,2024,EQ,1680.10,1707.95,1680.10,1684.10,1700.45,1699.80,1698.75,1794.00,1363.55,10235341.00,17387334812.90,244836.00
15-10-2024,Tuesday,October,Q4,2024,EQ,1694.00,1698.00,1675.50,1688.10,1686.00,1684.10,1684.09,1794.00,1363.55,9825565.00,16547093800.10,195771.00
14-10-2024,Monday,October,Q4,2024,EQ,1656.05,1692.05,1654.00,1651.00,1689.00,1688.10,1682.72,1794.00,1363.55,9263754.00,15588285093.55,261742.00
11-10-2024,Friday,October,Q4,2024,EQ,1664.45,1664.45,1643.25,1662.40,1651.50,1651.00,1651.51,1794.00,1363.55,11836297.00,19547719278.00,186378.00
10-10-2024,Thursday,October,Q4,2024,EQ,1639.00,1665.45,1632.50,1633.15,1661.00,1662.40,1649.38,1794.00,1363.55,10877383.00,17940924970.40,244906.00
09-10-2024,Wednesday,October,Q4,2024,EQ,1649.50,1656.75,1628.70,1651.05,1638.00,1633.15,1640.12,1794.00,1363.55,20562821.00,33725505661.60,442682.00
08-10-2024,Tuesday,October,Q4,2024,EQ,1630.00,1656.80,1622.00,1617.80,1651.25,1651.05,1645.56,1794.00,1363.55,14867203.00,24464906859.05,357296.00
07-10-2024,Monday,October,Q4,2024,EQ,1652.20,1659.00,1613.00,1657.65,1623.05,1617.80,1631.55,1794.00,1363.55,47229148.00,77056814750.10,535347.00
04-10-2024,Friday,October,Q4,2024,EQ,1674.50,1690.65,1653.00,1682.00,1661.25,1657.65,1673.77,1794.00,1363.55,24341616.00,40742181439.25,419392.00
03-10-2024,Thursday,October,Q4,2024,EQ,1715.65,1726.15,1673.35,1726.20,1681.00,1682.00,1694.79,1794.00,1363.55,24236699.00,41076220098.05,520129.00
01-10-2024,Tuesday,October,Q4,2024,EQ,1724.00,1742.00,1720.10,1732.05,1728.30,1726.20,1725.83,1794.00,1363.55,12286142.00,21203853820.45,237679.00
30-09-2024,Monday,September,Q3,2024,EQ,1748.80,1751.45,1724.40,1752.65,1732.00,1732.05,1734.57,1794.00,1363.55,13191767.00,22882063615.10,343613.00
27-09-2024,Friday,September,Q3,2024,EQ,1777.00,1778.20,1750.00,1783.45,1753.00,1752.65,1759.73,1794.00,1363.55,17806751.00,31335062628.80,339917.00
26-09-2024,Thursday,September,Q3,2024,EQ,1773.05,1788.00,1768.05,1779.10,1778.00,1783.45,1778.51,1794.00,1363.55,15949822.00,28366959862.95,343553.00
25-09-2024,Wednesday,September,Q3,2024,EQ,1760.15,1788.00,1760.15,1768.05,1779.85,1779.10,1778.97,1794.00,1363.55,15982656.00,28432592068.70,498237.00
24-09-2024,Tuesday,September,Q3,2024,EQ,1765.00,1781.65,1754.25,1759.80,1766.70,1768.05,1768.80,1794.00,1363.55,16519518.00,29219757725.30,404809.00
23-09-2024,Monday,September,Q3,2024,EQ,1749.00,1766.35,1740.25,1741.20,1757.00,1759.80,1756.93,1794.00,1363.55,13482675.00,23688096929.70,449232.00
20-09-2024,Friday,September,Q3,2024,EQ,1716.50,1744.95,1707.55,1708.50,1737.20,1741.20,1734.60,1794.00,1363.55,30311693.00,52578627456.00,519608.00
19-09-2024,Thursday,September,Q3,2024,EQ,1699.20,1719.00,1699.15,1694.80,1707.70,1708.50,1710.95,1794.00,1363.55,15325888.00,26221770150.40,347649.00
18-09-2024,Wednesday,September,Q3,2024,EQ,1671.85,1698.90,1671.10,1668.80,1692.95,1694.80,1691.30,1794.00,1363.55,20458671.00,34601683780.25,447311.00
17-09-2024,Tuesday,September,Q3,2024,EQ,1678.00,1678.00,1664.15,1670.95,1668.30,1668.80,1668.90,1794.00,1363.55,10063561.00,16795097219.15,273207.00
16-09-2024,Monday,September,Q3,2024,EQ,1667.00,1677.80,1664.05,1665.95,1670.00,1670.95,1670.83,1794.00,1363.55,7586410.00,12675630406.45,214575.00
13-09-2024,Friday,September,Q3,2024,EQ,1674.00,1674.00,1657.05,1666.60,1664.80,1665.95,1663.66,1794.00,1363.55,11930266.00,19847946539.35,275521.00
12-09-2024,Thursday,September,Q3,2024,EQ,1654.00,1670.00,1647.05,1643.90,1661.45,1666.60,1659.83,1794.00,1363.55,16212023.00,26909182591.25,266121.00
11-09-2024,Wednesday,September,Q3,2024,EQ,1650.40,1652.50,1639.20,1650.35,1650.00,1643.90,1645.85,1794.00,1363.55,11113342.00,18290901279.50,248100.00
10-09-2024,Tuesday,September,Q3,2024,EQ,1654.00,1654.00,1638.00,1646.50,1650.80,1650.35,1648.20,1794.00,1363.55,13303323.00,21926534318.85,306124.00
09-09-2024,Monday,September,Q3,2024,EQ,1638.00,1648.50,1630.10,1636.95,1644.85,1646.50,1640.85,1794.00,1363.55,11896457.00,19520244474.05,258547.00
06-09-2024,Friday,September,Q3,2024,EQ,1638.30,1647.75,1634.10,1645.45,1638.15,1636.95,1639.77,1794.00,1363.55,13014801.00,21341304566.10,296891.00
05-09-2024,Thursday,September,Q3,2024,EQ,1646.00,1649.90,1642.00,1641.80,1644.40,1645.45,1645.43,1794.00,1363.55,11438159.00,18820712001.80,245493.00
04-09-2024,Wednesday,September,Q3,2024,EQ,1639.00,1644.80,1632.00,1637.35,1641.05,1641.80,1639.54,1794.00,1363.55,12341372.00,20234215559.05,294496.00
03-09-2024,Tuesday,September,Q3,2024,EQ,1634.00,1639.95,1624.60,1626.95,1638.00,1637.35,1632.11,1794.00,1363.55,18641430.00,30424819912.05,292439.00
02-09-2024,Monday,September,Q3,2024,EQ,1646.80,1646.80,1623.20,1636.90,1626.00,1626.95,1631.94,1794.00,1363.55,17024840.00,27783483803.95,375245.00
30-08-2024,Friday,August,Q3,2024,EQ,1656.00,1662.00,1621.15,1638.55,1625.75,1636.90,1638.34,1794.00,1363.55,222671050.00,364811305104.20,564643.00
29-08-2024,Thursday,August,Q3,2024,EQ,1642.00,1644.40,1631.15,1637.10,1639.95,1638.55,1637.56,1794.00,1363.55,24526302.00,40163206501.15,432962.00
28-08-2024,Wednesday,August,Q3,2024,EQ,1637.75,1639.75,1630.20,1637.75,1635.95,1637.10,1636.29,1794.00,1363.55,13460594.00,22025391586.45,275424.00
27-08-2024,Tuesday,August,Q3,2024,EQ,1643.40,1647.40,1632.20,1639.95,1634.45,1637.75,1639.59,1794.00,1363.55,17886622.00,29326792469.00,292507.00
26-08-2024,Monday,August,Q3,2024,EQ,1632.20,1647.95,1632.20,1625.05,1640.00,1639.95,1642.31,1794.00,1363.55,11182133.00,18364486559.55,275112.00
23-08-2024,Friday,August,Q3,2024,EQ,1634.00,1634.00,1623.00,1631.30,1625.20,1625.05,1627.63,1794.00,1363.55,10166711.00,16547668751.15,212238.00
22-08-2024,Thursday,August,Q3,2024,EQ,1632.00,1638.30,1628.00,1625.80,1628.95,1631.30,1632.58,1794.00,1363.55,10650319.00,17387521802.75,272441.00
21-08-2024,Wednesday,August,Q3,2024,EQ,1628.10,1634.55,1617.80,1637.70,1628.00,1625.80,1624.85,1794.00,1363.55,23815452.00,38696527016.25,323415.00
20-08-2024,Tuesday,August,Q3,2024,EQ,1627.45,1646.00,1627.45,1631.55,1634.00,1637.70,1639.14,1794.00,1363.55,15567247.00,25516952644.85,240802.00
19-08-2024,Monday,August,Q3,2024,EQ,1637.65,1637.65,1623.70,1632.10,1632.75,1631.55,1628.46,1794.00,1363.55,9751082.00,15879278800.80,166314.00
16-08-2024,Friday,August,Q3,2024,EQ,1628.50,1634.15,1611.00,1607.80,1631.50,1632.10,1624.71,1794.00,1363.55,13924623.00,22623479529.55,302506.00
14-08-2024,Wednesday,August,Q3,2024,EQ,1606.50,1613.70,1603.20,1603.20,1607.80,1607.80,1607.97,1794.00,1363.55,16167214.00,25996412110.40,259067.00
13-08-2024,Tuesday,August,Q3,2024,EQ,1628.00,1632.40,1601.15,1660.10,1605.90,1603.20,1613.32,1794.00,1363.55,27027521.00,43604163966.10,601558.00
12-08-2024,Monday,August,Q3,2024,EQ,1652.00,1675.95,1647.35,1650.20,1660.00,1660.10,1664.63,1794.00,1363.55,19658098.00,32723506965.00,363538.00
09-08-2024,Friday,August,Q3,2024,EQ,1652.00,1662.55,1645.80,1642.70,1650.00,1650.20,1655.58,1794.00,1363.55,13322309.00,22056157155.50,291916.00
08-08-2024,Thursday,August,Q3,2024,EQ,1624.00,1653.30,1619.25,1623.50,1640.20,1642.70,1638.73,1794.00,1363.55,16988475.00,27839562575.60,327468.00
07-08-2024,Wednesday,August,Q3,2024,EQ,1617.00,1630.00,1602.20,1601.20,1628.50,1623.50,1617.23,1794.00,1363.55,21173132.00,34241847264.50,337720.00
06-08-2024,Tuesday,August,Q3,2024,EQ,1630.00,1632.95,1593.30,1615.75,1602.70,1601.20,1608.02,1794.00,1363.55,22558025.00,36273837922.85,388854.00
05-08-2024,Monday,August,Q3,2024,EQ,1640.10,1646.00,1601.00,1659.15,1616.05,1615.75,1622.77,1794.00,1363.55,20666817.00,33537431288.70,464696.00
02-08-2024,Friday,August,Q3,2024,EQ,1631.00,1670.50,1631.00,1638.80,1658.05,1659.15,1658.62,1794.00,1363.55,22059619.00,36588623126.10,457935.00
01-08-2024,Thursday,August,Q3,2024,EQ,1622.90,1650.05,1617.95,1615.75,1647.65,1638.80,1632.59,1794.00,1363.55,13107587.00,21399347523.90,287915.00
31-07-2024,Wednesday,July,Q3,2024,EQ,1614.00,1627.90,1609.20,1615.55,1617.95,1615.75,1617.31,1794.00,1363.55,18910242.00,30583806061.70,334519.00
30-07-2024,Tuesday,July,Q3,2024,EQ,1602.00,1634.75,1599.00,1605.05,1614.20,1615.55,1615.74,1794.00,1363.55,27297917.00,44106424811.40,455812.00
29-07-2024,Monday,July,Q3,2024,EQ,1615.00,1631.85,1598.30,1618.15,1605.00,1605.05,1611.97,1794.00,1363.55,25500574.00,41106152746.35,472326.00
26-07-2024,Friday,July,Q3,2024,EQ,1605.00,1621.75,1596.45,1616.60,1616.30,1618.15,1609.37,1794.00,1363.55,21905270.00,35253630971.05,355180.00
25-07-2024,Thursday,July,Q3,2024,EQ,1593.00,1625.00,1593.00,1604.05,1616.75,1616.60,1613.59,1794.00,1363.55,12767866.00,20602046896.30,279974.00
24-07-2024,Wednesday,July,Q3,2024,EQ,1608.15,1621.00,1588.05,1618.40,1608.35,1604.05,1604.13,1794.00,1363.55,30864103.00,49509947077.30,432932.00
23-07-2024,Tuesday,July,Q3,2024,EQ,1647.55,1647.80,1605.00,1642.55,1616.60,1618.40,1623.96,1794.00,1363.55,26001076.00,42224780773.65,449509.00
22-07-2024,Monday,July,Q3,2024,EQ,1617.00,1651.00,1612.65,1607.30,1642.00,1642.55,1637.66,1794.00,1363.55,26872411.00,44007904357.70,548620.00
19-07-2024,Friday,July,Q3,2024,EQ,1616.00,1623.00,1603.50,1614.80,1605.00,1607.30,1609.91,1794.00,1363.55,13001076.00,20930535372.85,276983.00
18-07-2024,Thursday,July,Q3,2024,EQ,1608.00,1623.95,1599.15,1619.75,1615.00,1614.80,1613.29,1794.00,1363.55,16858532.00,27197655556.65,332318.00
16-07-2024,Tuesday,July,Q3,2024,EQ,1620.75,1627.00,1616.80,1622.10,1621.00,1619.75,1621.84,1794.00,1363.55,14475162.00,23476341772.45,269979.00
15-07-2024,Monday,July,Q3,2024,EQ,1623.50,1629.80,1615.20,1622.70,1623.00,1622.10,1622.00,1794.00,1363.55,16687847.00,27067666840.40,217738.00
14-07-2024,Sunday,July,Q3,2024,EQ,1652.00,1675.95,1647.35,1650.20,1660.00,1660.10,1664.63,1794.00,1363.55,19658098.00,32723506965.00,363538.00
13-07-2024,Saturday,July,Q3,2024,EQ,1652.00,1662.55,1645.80,1642.70,1650.00,1650.20,1655.58,1794.00,1363.55,13322309.00,22056157155.50,291916.00
12-07-2024,Friday,July,Q3,2024,EQ,1622.00,1638.40,1611.15,1621.90,1627.55,1622.70,1624.06,1794.00,1363.55,28024980.00,45514220345.85,332780.00
11-07-2024,Thursday,July,Q3,2024,EQ,1623.95,1625.85,1601.00,1626.10,1623.00,1621.90,1612.69,1794.00,1363.55,22088537.00,35621865220.10,483343.00
10-07-2024,Wednesday,July,Q3,2024,EQ,1629.95,1640.00,1620.75,1636.50,1628.70,1626.10,1627.60,1794.00,1363.55,22753591.00,37033758498.90,405034.00
09-07-2024,Tuesday,July,Q3,2024,EQ,1625.00,1646.70,1620.35,1635.35,1638.80,1636.50,1638.53,1794.00,1363.55,24275439.00,39776084749.70,442487.00
08-07-2024,Monday,July,Q3,2024,EQ,1645.30,1654.95,1627.15,1648.10,1636.35,1635.35,1640.07,1794.00,1363.55,19543900.00,32053306234.35,324769.00
05-07-2024,Friday,July,Q3,2024,EQ,1685.00,1685.00,1642.20,1727.15,1649.40,1648.10,1656.79,1794.00,1363.55,41121274.00,68129239005.75,1117072.00
04-07-2024,Thursday,July,Q3,2024,EQ,1759.75,1759.75,1724.85,1768.65,1728.00,1727.15,1735.22,1794.00,1363.55,22924329.00,39778717290.50,405416.00
03-07-2024,Wednesday,July,Q3,2024,EQ,1791.00,1794.00,1764.65,1730.60,1767.70,1768.65,1776.87,1794.00,1363.55,61608901.00,109470877766.90,846404.00
02-07-2024,Tuesday,July,Q3,2024,EQ,1715.00,1734.90,1702.75,1705.20,1728.00,1730.60,1722.46,1757.50,1363.55,22960845.00,39549118301.05,486972.00
01-07-2024,Monday,July,Q3,2024,EQ,1680.00,1707.30,1680.00,1683.80,1704.20,1705.20,1699.74,1757.50,1363.55,10593512.00,18006189828.25,355235.00
28-06-2024,Friday,June,Q2,2024,EQ,1697.60,1706.60,1679.00,1696.15,1685.00,1683.80,1692.59,1757.50,1363.55,13238023.00,22406574604.55,312550.00
27-06-2024,Thursday,June,Q2,2024,EQ,1696.10,1713.00,1686.60,1701.50,1696.45,1696.15,1697.92,1757.50,1363.55,27537325.00,46756142645.90,586504.00
26-06-2024,Wednesday,June,Q2,2024,EQ,1707.95,1710.90,1691.10,1711.35,1693.50,1701.50,1703.01,1757.50,1363.55,23798333.00,40528870562.05,424591.00
25-06-2024,Tuesday,June,Q2,2024,EQ,1671.10,1716.95,1671.10,1672.40,1707.00,1711.35,1705.04,1757.50,1363.55,37260774.00,63531128010.50,690683.00
24-06-2024,Monday,June,Q2,2024,EQ,1647.00,1675.10,1645.75,1665.75,1671.00,1672.40,1664.93,1757.50,1363.55,14272497.00,23762644259.60,387580.00
21-06-2024,Friday,June,Q2,2024,EQ,1672.85,1672.85,1643.15,1669.35,1661.65,1665.75,1658.68,1757.50,1363.55,25815388.00,42819437838.90,408577.00
20-06-2024,Thursday,June,Q2,2024,EQ,1669.80,1681.45,1652.00,1657.85,1667.25,1669.35,1667.89,1757.50,1363.55,20704371.00,34532604621.85,465827.00
19-06-2024,Wednesday,June,Q2,2024,EQ,1613.40,1669.90,1604.00,1607.80,1657.00,1657.85,1644.44,1757.50,1363.55,45065598.00,74107587437.40,709705.00
18-06-2024,Tuesday,June,Q2,2024,EQ,1596.90,1610.50,1589.45,1596.90,1608.00,1607.80,1604.04,1757.50,1363.55,16207857.00,25998073833.50,353540.00
14-06-2024,Friday,June,Q2,2024,EQ,1584.00,1599.00,1577.70,1580.75,1595.60,1596.90,1592.12,1757.50,1363.55,12770277.00,20331873861.15,320179.00
13-06-2024,Thursday,June,Q2,2024,EQ,1581.75,1585.70,1574.00,1574.15,1581.20,1580.75,1581.85,1757.50,1363.55,12060096.00,19077228502.15,281276.00
12-06-2024,Wednesday,June,Q2,2024,EQ,1575.00,1588.30,1566.40,1564.80,1569.00,1574.15,1576.98,1757.50,1363.55,19640218.00,30972287118.05,341079.00
11-06-2024,Tuesday,June,Q2,2024,EQ,1556.00,1571.00,1552.20,1561.30,1563.05,1564.80,1564.24,1757.50,1363.55,14772663.00,23107928769.20,458802.00
10-06-2024,Monday,June,Q2,2024,EQ,1574.00,1580.65,1557.60,1573.35,1559.55,1561.30,1566.93,1757.50,1363.55,11227029.00,17591912808.65,314062.00
07-06-2024,Friday,June,Q2,2024,EQ,1561.05,1584.35,1552.05,1559.70,1575.00,1573.35,1572.47,1757.50,1363.55,18356108.00,28864483389.90,416517.00
06-06-2024,Thursday,June,Q2,2024,EQ,1564.90,1565.45,1546.60,1551.80,1559.50,1559.70,1557.00,1757.50,1363.55,23211435.00,36140249317.55,599204.00
05-06-2024,Wednesday,June,Q2,2024,EQ,1494.05,1559.60,1482.35,1483.15,1545.85,1551.80,1523.83,1757.50,1363.55,40815825.00,62196352485.40,650501.00
04-06-2024,Tuesday,June,Q2,2024,EQ,1557.00,1559.00,1454.00,1572.20,1489.75,1483.15,1504.91,1757.50,1363.55,44765620.00,67368418218.55,786620.00
03-06-2024,Monday,June,Q2,2024,EQ,1599.00,1599.00,1550.00,1531.55,1573.00,1572.20,1567.87,1757.50,1363.55,36318628.00,56942988275.80,584235.00
31-05-2024,Friday,May,Q2,2024,EQ,1519.00,1536.00,1514.00,1514.85,1525.95,1531.55,1528.77,1757.50,1363.55,37039794.00,56625243621.65,474591.00
30-05-2024,Thursday,May,Q2,2024,EQ,1499.20,1523.60,1497.65,1508.30,1518.30,1514.85,1513.96,1757.50,1363.55,16877675.00,25552206595.80,409393.00
29-05-2024,Wednesday,May,Q2,2024,EQ,1518.00,1523.85,1501.25,1530.50,1506.00,1508.30,1510.22,1757.50,1363.55,17573853.00,26540404866.50,324703.00
28-05-2024,Tuesday,May,Q2,2024,EQ,1530.10,1536.05,1524.80,1527.70,1528.60,1530.50,1531.14,1757.50,1363.55,13954452.00,21366245980.65,287323.00
27-05-2024,Monday,May,Q2,2024,EQ,1523.35,1545.00,1519.05,1517.20,1528.00,1527.70,1533.69,1757.50,1363.55,14692720.00,22534043945.55,360983.00
24-05-2024,Friday,May,Q2,2024,EQ,1487.50,1519.90,1486.00,1492.60,1516.50,1517.20,1507.33,1757.50,1363.55,15530103.00,23408982967.80,325557.00
23-05-2024,Thursday,May,Q2,2024,EQ,1458.65,1495.65,1457.05,1459.20,1492.85,1492.60,1477.10,1757.50,1363.55,20430960.00,30178506688.95,337200.00
22-05-2024,Wednesday,May,Q2,2024,EQ,1457.85,1465.60,1448.15,1458.80,1463.75,1459.20,1456.24,1757.50,1363.55,19998139.00,29122160427.50,394368.00
21-05-2024,Tuesday,May,Q2,2024,EQ,1450.10,1469.70,1450.10,1466.05,1457.20,1458.80,1460.08,1757.50,1363.55,21884989.00,31953790444.80,413346.00
18-05-2024,Saturday,May,Q2,2024,EQ,1466.00,1467.10,1463.05,1464.10,1466.35,1466.05,1465.57,1757.50,1363.55,528557.00,774636045.30,15995.00
17-05-2024,Friday,May,Q2,2024,EQ,1446.20,1468.00,1446.20,1460.25,1463.00,1464.10,1461.22,1757.50,1363.55,10460095.00,15284549919.50,268477.00
16-05-2024,Thursday,May,Q2,2024,EQ,1446.05,1462.55,1435.50,1438.50,1459.75,1460.25,1449.96,1757.50,1363.55,17472618.00,25334516598.70,382855.00
15-05-2024,Wednesday,May,Q2,2024,EQ,1459.70,1459.70,1435.80,1460.95,1440.80,1438.50,1443.04,1757.50,1363.55,19465998.00,28090223298.30,393567.00
14-05-2024,Tuesday,May,Q2,2024,EQ,1452.25,1465.50,1450.30,1455.25,1461.60,1460.95,1459.59,1757.50,1363.55,12832571.00,18730307625.40,315935.00
13-05-2024,Monday,May,Q2,2024,EQ,1432.00,1459.80,1430.30,1437.90,1456.50,1455.25,1447.14,1757.50,1363.55,13523601.00,19570507197.60,463000.00
10-05-2024,Friday,May,Q2,2024,EQ,1439.00,1451.95,1426.80,1447.50,1439.85,1437.90,1440.93,1757.50,1363.55,13638304.00,19651868794.15,368755.00
09-05-2024,Thursday,May,Q2,2024,EQ,1474.95,1486.75,1445.30,1482.65,1450.80,1447.50,1461.55,1757.50,1363.55,23140639.00,33821148758.20,669580.00
08-05-2024,Wednesday,May,Q2,2024,EQ,1495.95,1496.95,1480.35,1506.15,1483.50,1482.65,1486.59,1757.50,1363.55,20843931.00,30986422880.60,465848.00
07-05-2024,Tuesday,May,Q2,2024,EQ,1521.95,1524.05,1504.15,1522.65,1505.10,1506.15,1510.70,1757.50,1363.55,14240301.00,21512820634.10,344750.00
06-05-2024,Monday,May,Q2,2024,EQ,1522.00,1534.50,1517.15,1519.60,1523.75,1522.65,1525.73,1757.50,1363.55,14396698.00,21965419859.10,290222.00
03-05-2024,Friday,May,Q2,2024,EQ,1533.25,1540.60,1507.20,1532.25,1515.65,1519.60,1521.12,1757.50,1363.55,15932621.00,24235495414.80,309946.00
02-05-2024,Thursday,May,Q2,2024,EQ,1522.00,1537.00,1520.35,1520.10,1532.90,1532.25,1531.60,1757.50,1363.55,16737503.00,25635147567.95,367994.00
30-04-2024,Tuesday,April,Q2,2024,EQ,1529.20,1539.50,1514.90,1529.50,1515.45,1520.10,1528.27,1757.50,1363.55,26153691.00,39969810062.50,396483.00
29-04-2024,Monday,April,Q2,2024,EQ,1515.00,1534.45,1506.55,1509.80,1528.55,1529.50,1521.15,1757.50,1363.55,18046675.00,27451636250.70,346924.00
26-04-2024,Friday,April,Q2,2024,EQ,1519.80,1528.00,1505.55,1510.75,1511.00,1509.80,1515.19,1757.50,1363.55,12427347.00,18829791289.85,307546.00
25-04-2024,Thursday,April,Q2,2024,EQ,1506.25,1519.70,1506.25,1511.70,1513.80,1510.75,1512.64,1757.50,1363.55,17722602.00,26807994509.45,412279.00
24-04-2024,Wednesday,April,Q2,2024,EQ,1515.00,1521.75,1509.05,1507.60,1512.90,1511.70,1514.50,1757.50,1363.55,11220790.00,16993856319.65,270693.00
23-04-2024,Tuesday,April,Q2,2024,EQ,1526.30,1526.50,1503.25,1512.20,1507.50,1507.60,1510.64,1757.50,1363.55,13413530.00,20262998928.70,292429.00
22-04-2024,Monday,April,Q2,2024,EQ,1557.40,1557.40,1508.30,1531.30,1514.35,1512.20,1519.66,1757.50,1363.55,21149219.00,32139720597.85,531868.00
19-04-2024,Friday,April,Q2,2024,EQ,1486.55,1534.95,1480.25,1494.70,1534.20,1531.30,1514.56,1757.50,1363.55,17288217.00,26184017914.35,385294.00
18-04-2024,Thursday,April,Q2,2024,EQ,1509.80,1518.85,1491.05,1509.25,1496.80,1494.70,1503.85,1757.50,1363.55,17117442.00,25741997797.45,400151.00
16-04-2024,Tuesday,April,Q2,2024,EQ,1487.00,1512.90,1482.25,1494.70,1512.00,1509.25,1499.45,1757.50,1363.55,10372443.00,15552984303.10,254321.00
15-04-2024,Monday,April,Q2,2024,EQ,1497.55,1510.00,1492.05,1518.95,1493.00,1494.70,1501.19,1757.50,1363.55,11707624.00,17575373460.40,303733.00
12-04-2024,Friday,April,Q2,2024,EQ,1521.00,1529.85,1513.45,1536.35,1516.25,1518.95,1520.13,1757.50,1363.55,20542104.00,31226729837.45,353957.00
10-04-2024,Wednesday,April,Q2,2024,EQ,1549.90,1549.90,1532.95,1548.55,1534.95,1536.35,1539.41,1757.50,1363.55,13903700.00,21403551158.35,264951.00
09-04-2024,Tuesday,April,Q2,2024,EQ,1554.85,1554.85,1540.30,1546.60,1544.40,1548.55,1547.47,1757.50,1363.55,10942247.00,16932784193.35,286447.00
08-04-2024,Monday,April,Q2,2024,EQ,1554.95,1557.25,1541.55,1549.55,1545.00,1546.60,1546.80,1757.50,1363.55,10241470.00,15841481181.95,282686.00
05-04-2024,Friday,April,Q2,2024,EQ,1539.00,1554.50,1530.15,1527.60,1550.05,1549.55,1545.34,1757.50,1363.55,29527951.00,45630707255.45,446260.00
04-04-2024,Thursday,April,Q2,2024,EQ,1504.00,1530.00,1504.00,1482.30,1529.00,1527.60,1520.65,1757.50,1363.55,44467533.00,67619706935.10,638189.00
03-04-2024,Wednesday,April,Q2,2024,EQ,1472.10,1495.65,1471.40,1480.15,1484.50,1482.30,1485.06,1757.50,1363.55,22792193.00,33847785699.15,381267.00
02-04-2024,Tuesday,April,Q2,2024,EQ,1465.15,1494.85,1463.25,1470.50,1479.55,1480.15,1483.23,1757.50,1363.55,20612723.00,30573359203.20,315849.00
01-04-2024,Monday,April,Q2,2024,EQ,1458.00,1473.80,1455.60,1447.90,1470.00,1470.50,1466.67,1757.50,1363.55,12599785.00,18479761763.45,266085.00
28-03-2024,Thursday,March,Q1,2024,EQ,1440.70,1460.50,1440.70,1440.70,1447.00,1447.90,1451.60,1757.50,1363.55,27796071.00,40348658115.25,370836.00
27-03-2024,Wednesday,March,Q1,2024,EQ,1423.55,1447.95,1421.25,1425.40,1443.65,1440.70,1436.27,1757.50,1363.55,31084334.00,44645417268.50,412302.00
26-03-2024,Tuesday,March,Q1,2024,EQ,1427.20,1437.95,1422.15,1442.85,1424.90,1425.40,1430.24,1757.50,1363.55,28422145.00,40650467046.25,519149.00
22-03-2024,Friday,March,Q1,2024,EQ,1441.00,1450.75,1437.75,1445.75,1442.55,1442.85,1443.79,1757.50,1363.55,22990163.00,33192980386.60,408312.00
21-03-2024,Thursday,March,Q1,2024,EQ,1442.60,1451.25,1438.30,1431.05,1445.40,1445.75,1445.43,1757.50,1363.55,14461430.00,20903015204.35,261033.00
20-03-2024,Wednesday,March,Q1,2024,EQ,1449.05,1451.65,1424.65,1449.35,1432.00,1431.05,1435.82,1757.50,1363.55,21803047.00,31305142954.85,391871.00
19-03-2024,Tuesday,March,Q1,2024,EQ,1435.50,1452.40,1435.50,1446.05,1449.95,1449.35,1445.73,1757.50,1363.55,18091797.00,26155872952.15,357501.00
18-03-2024,Monday,March,Q1,2024,EQ,1447.00,1456.00,1435.80,1452.65,1445.75,1446.05,1447.44,1757.50,1363.55,10718928.00,15514993593.40,298423.00
15-03-2024,Friday,March,Q1,2024,EQ,1450.00,1459.30,1442.25,1455.45,1454.70,1452.65,1452.16,1757.50,1363.55,71806902.00,104275232909.40,423259.00
14-03-2024,Thursday,March,Q1,2024,EQ,1462.10,1466.00,1444.30,1460.40,1457.00,1455.45,1452.98,1757.50,1363.55,26216079.00,38091465327.10,355538.00
13-03-2024,Wednesday,March,Q1,2024,EQ,1465.50,1471.60,1450.10,1459.55,1459.70,1460.40,1461.57,1757.50,1363.55,31533727.00,46088810985.45,555367.00
12-03-2024,Tuesday,March,Q1,2024,EQ,1434.00,1464.00,1429.25,1427.80,1460.75,1459.55,1455.21,1757.50,1363.55,32709227.00,47598903857.45,563469.00
11-03-2024,Monday,March,Q1,2024,EQ,1430.00,1445.95,1423.00,1446.10,1427.00,1427.80,1431.56,1757.50,1363.55,25265547.00,36169185792.10,400746.00
07-03-2024,Thursday,March,Q1,2024,EQ,1445.50,1451.05,1441.40,1442.60,1446.00,1446.10,1445.23,1757.50,1363.55,24674023.00,35659521740.40,301040.00
06-03-2024,Wednesday,March,Q1,2024,EQ,1433.55,1452.85,1433.55,1440.85,1442.85,1442.60,1444.30,1757.50,1363.55,21204765.00,30625970319.20,429803.00
05-03-2024,Tuesday,March,Q1,2024,EQ,1422.00,1443.00,1421.65,1432.70,1439.20,1440.85,1432.70,1757.50,1363.55,18995836.00,27215248874.45,345780.00
04-03-2024,Monday,March,Q1,2024,EQ,1430.95,1437.00,1424.30,1430.75,1432.00,1432.70,1430.81,1757.50,1363.55,17808237.00,25480270998.65,320401.00
02-03-2024,Saturday,March,Q1,2024,EQ,1434.55,1436.00,1428.10,1430.75,1430.95,1430.75,1431.16,1757.50,1363.55,895265.00,1281270465.10,27274.00
01-03-2024,Friday,March,Q1,2024,EQ,1400.00,1432.75,1400.00,1403.40,1429.30,1430.75,1419.53,1757.50,1363.55,17369449.00,24656507108.45,430030.00
29-02-2024,Thursday,February,Q1,2024,EQ,1402.10,1410.40,1397.30,1409.40,1407.80,1403.40,1403.21,1757.50,1363.55,26647850.00,37392569225.70,567422.00
28-02-2024,Wednesday,February,Q1,2024,EQ,1420.15,1424.20,1404.00,1420.15,1406.15,1409.40,1414.58,1757.50,1363.55,12660993.00,17910038294.10,302672.00
27-02-2024,Tuesday,February,Q1,2024,EQ,1413.55,1426.70,1413.05,1422.30,1421.90,1420.15,1419.95,1757.50,1363.55,16043575.00,22781119940.60,384714.00
26-02-2024,Monday,February,Q1,2024,EQ,1413.55,1434.85,1413.55,1420.60,1421.95,1422.30,1426.02,1757.50,1363.55,11753435.00,16760578868.05,381979.00
23-02-2024,Friday,February,Q1,2024,EQ,1422.55,1433.90,1418.00,1419.55,1419.45,1420.60,1425.27,1757.50,1363.55,14916726.00,21260419308.00,335851.00
22-02-2024,Thursday,February,Q1,2024,EQ,1417.75,1428.80,1412.20,1439.15,1422.00,1419.55,1419.78,1757.50,1363.55,25280441.00,35892743575.45,477326.00
21-02-2024,Wednesday,February,Q1,2024,EQ,1464.00,1464.00,1435.00,1454.30,1436.00,1439.15,1446.29,1757.50,1363.55,22946568.00,33187313941.50,493970.00
20-02-2024,Tuesday,February,Q1,2024,EQ,1415.00,1457.25,1411.80,1417.10,1453.00,1454.30,1443.09,1757.50,1363.55,28066754.00,40502822506.55,518597.00
19-02-2024,Monday,February,Q1,2024,EQ,1429.00,1429.00,1415.20,1419.90,1419.00,1417.10,1420.94,1757.50,1363.55,17225878.00,24476880448.95,296087.00
16-02-2024,Friday,February,Q1,2024,EQ,1423.90,1427.70,1408.45,1414.05,1417.05,1419.90,1417.97,1757.50,1363.55,16087871.00,22812194900.15,402453.00
15-02-2024,Thursday,February,Q1,2024,EQ,1385.00,1415.50,1384.35,1384.05,1414.65,1414.05,1402.53,1757.50,1363.55,20792472.00,29162128685.10,533782.00
14-02-2024,Wednesday,February,Q1,2024,EQ,1376.00,1391.50,1363.55,1394.45,1384.95,1384.05,1373.20,1757.50,1363.55,45660405.00,62700916687.85,883690.00
13-02-2024,Tuesday,February,Q1,2024,EQ,1391.95,1404.35,1384.35,1390.00,1391.95,1394.45,1394.82,1757.50,1380.25,28790497.00,40157678244.65,445958.00
12-02-2024,Monday,February,Q1,2024,EQ,1399.65,1413.65,1383.35,1403.60,1392.40,1390.00,1394.91,1757.50,1380.25,17223906.00,24025725748.70,486804.00
09-02-2024,Friday,February,Q1,2024,EQ,1392.15,1414.20,1387.00,1403.05,1408.00,1403.60,1402.42,1757.50,1380.25,28321062.00,39717943985.60,512854.00
08-02-2024,Thursday,February,Q1,2024,EQ,1429.85,1438.95,1400.50,1429.95,1407.25,1403.05,1415.51,1757.50,1380.25,34553062.00,48910244009.15,797559.00
07-02-2024,Wednesday,February,Q1,2024,EQ,1453.00,1453.80,1426.65,1444.10,1430.00,1429.95,1435.86,1757.50,1380.25,27418543.00,39369092511.05,523984.00
06-02-2024,Tuesday,February,Q1,2024,EQ,1445.55,1449.70,1432.60,1444.85,1443.55,1444.10,1442.11,1757.50,1380.25,20537870.00,29617940997.40,410774.00
05-02-2024,Monday,February,Q1,2024,EQ,1446.00,1451.90,1434.05,1446.15,1443.05,1444.85,1442.08,1757.50,1380.25,19302523.00,27835769812.35,487034.00
02-02-2024,Friday,February,Q1,2024,EQ,1475.00,1480.85,1442.05,1466.35,1445.90,1446.15,1461.81,1757.50,1380.25,22433877.00,32794141061.40,547098.00
01-02-2024,Thursday,February,Q1,2024,EQ,1465.05,1473.60,1456.05,1462.55,1466.50,1466.35,1465.35,1757.50,1380.25,16345370.00,23951731259.20,395148.00
31-01-2024,Wednesday,January,Q1,2024,EQ,1439.50,1474.95,1436.80,1444.30,1462.65,1462.55,1462.25,1757.50,1380.25,32880520.00,48079551289.50,548526.00
30-01-2024,Tuesday,January,Q1,2024,EQ,1454.55,1463.20,1440.90,1454.65,1444.70,1444.30,1447.91,1757.50,1380.25,20864384.00,30209849168.35,451375.00
29-01-2024,Monday,January,Q1,2024,EQ,1448.05,1462.80,1445.80,1434.90,1456.80,1454.65,1454.14,1757.50,1380.25,32822749.00,47728790185.85,694082.00
25-01-2024,Thursday,January,Q1,2024,EQ,1452.50,1457.35,1419.40,1455.90,1440.70,1434.90,1434.16,1757.50,1380.25,49470926.00,70949159079.50,787699.00
24-01-2024,Wednesday,January,Q1,2024,EQ,1380.25,1458.45,1380.25,1427.35,1456.30,1455.90,1435.74,1757.50,1380.25,43002202.00,61740125439.00,817417.00
23-01-2024,Tuesday,January,Q1,2024,EQ,1465.00,1474.70,1425.00,1478.85,1430.95,1427.35,1442.66,1757.50,1425.00,57734701.00,83291508720.05,1415782.00
20-01-2024,Saturday,January,Q1,2024,EQ,1483.20,1495.70,1476.00,1470.65,1480.65,1478.85,1483.92,1757.50,1460.25,12920293.00,19172637247.30,403196.00
19-01-2024,Friday,January,Q1,2024,EQ,1505.95,1510.25,1468.40,1486.15,1474.90,1470.65,1483.88,1757.50,1460.25,54800269.00,81316862185.55,1275220.00
18-01-2024,Thursday,January,Q1,2024,EQ,1494.00,1515.00,1480.05,1537.50,1490.00,1486.15,1495.03,1757.50,1460.25,80535465.00,120402678844.55,1582497.00
17-01-2024,Wednesday,January,Q1,2024,EQ,1570.00,1596.80,1528.40,1679.15,1542.15,1537.50,1565.65,1757.50,1460.25,85072618.00,133193618859.55,2098772.00
16-01-2024,Tuesday,January,Q1,2024,EQ,1673.00,1683.65,1658.10,1672.80,1678.00,1679.15,1672.44,1757.50,1460.25,12661250.00,21175143184.95,347404.00
15-01-2024,Monday,January,Q1,2024,EQ,1647.70,1680.90,1643.60,1641.20,1679.70,1672.80,1666.61,1757.50,1460.25,14160178.00,23599525731.75,414759.00
12-01-2024,Friday,January,Q1,2024,EQ,1652.00,1656.00,1633.60,1649.00,1643.95,1641.20,1645.10,1757.50,1460.25,9886776.00,16264760030.85,278690.00
11-01-2024,Thursday,January,Q1,2024,EQ,1660.00,1662.90,1643.00,1655.95,1649.30,1649.00,1653.30,1757.50,1460.25,9157005.00,15139271150.70,230772.00
10-01-2024,Wednesday,January,Q1,2024,EQ,1643.00,1659.95,1641.40,1650.50,1656.00,1655.95,1653.21,1757.50,1460.25,8057912.00,13321422833.20,173498.00
09-01-2024,Tuesday,January,Q1,2024,EQ,1667.15,1677.80,1646.75,1663.45,1650.95,1650.50,1660.84,1757.50,1460.25,12663444.00,21031958360.50,269602.00
08-01-2024,Monday,January,Q1,2024,EQ,1678.50,1682.35,1660.00,1682.20,1662.90,1663.45,1671.84,1757.50,1460.25,8999235.00,15045304192.30,368430.00
05-01-2024,Friday,January,Q1,2024,EQ,1687.15,1704.90,1668.10,1690.85,1679.00,1682.20,1679.44,1757.50,1460.25,15944735.00,26778251761.45,426162.00
04-01-2024,Thursday,January,Q1,2024,EQ,1678.00,1694.95,1670.70,1672.90,1690.85,1690.85,1681.98,1757.50,1460.25,13367028.00,22483129792.50,335934.00
03-01-2024,Wednesday,January,Q1,2024,EQ,1702.00,1704.70,1668.95,1699.10,1674.60,1672.90,1681.27,1757.50,1460.25,14194881.00,23865412912.55,426015.00
02-01-2024,Tuesday,January,Q1,2024,EQ,1698.80,1702.80,1688.70,1698.10,1697.50,1699.10,1697.43,1757.50,1460.25,14621046.00,24818149211.10,334886.00
01-01-2024,Monday,January,Q1,2024,EQ,1706.00,1709.15,1692.00,1709.25,1692.90,1698.10,1701.52,1757.50,1460.25,7119843.00,12114568489.30,258349.00
29-12-2023,Friday,December,Q4,2023,EQ,1697.00,1714.90,1696.00,1705.25,1708.65,1709.25,1707.51,1757.50,1460.25,12505713.00,21353650105.25,264143.00
28-12-2023,Thursday,December,Q4,2023,EQ,1709.30,1721.40,1702.00,1703.30,1708.85,1705.25,1711.26,1757.50,1460.25,22038235.00,37713047859.00,423062.00
27-12-2023,Wednesday,December,Q4,2023,EQ,1681.50,1706.50,1678.60,1682.45,1702.10,1703.30,1695.87,1757.50,1460.25,13504539.00,22901880536.75,321373.00
26-12-2023,Tuesday,December,Q4,2023,EQ,1673.25,1685.95,1668.55,1670.85,1684.10,1682.45,1678.46,1757.50,1460.25,9022928.00,15144582177.45,243596.00
22-12-2023,Friday,December,Q4,2023,EQ,1683.60,1685.90,1667.10,1686.70,1668.70,1670.85,1675.74,1757.50,1460.25,24289425.00,40702711527.50,450284.00
21-12-2023,Thursday,December,Q4,2023,EQ,1657.00,1689.75,1650.25,1657.00,1685.00,1686.70,1672.87,1757.50,1460.25,18294620.00,30604491502.45,385913.00
20-12-2023,Wednesday,December,Q4,2023,EQ,1658.00,1668.95,1644.45,1652.90,1644.75,1657.00,1662.23,1757.50,1460.25,17116260.00,28451245154.05,415287.00
19-12-2023,Tuesday,December,Q4,2023,EQ,1650.00,1658.65,1644.05,1655.70,1650.50,1652.90,1651.23,1757.50,1460.25,12004223.00,19821702426.65,257002.00
18-12-2023,Monday,December,Q4,2023,EQ,1660.70,1664.70,1650.95,1656.55,1652.50,1655.70,1657.78,1757.50,1460.25,9007377.00,14932277614.85,258215.00
15-12-2023,Friday,December,Q4,2023,EQ,1650.00,1668.00,1646.60,1650.15,1656.05,1656.55,1655.35,1757.50,1460.25,69418565.00,114912065107.80,420832.00
14-12-2023,Thursday,December,Q4,2023,EQ,1646.00,1658.95,1645.00,1630.90,1650.45,1650.15,1651.03,1757.50,1460.25,17586183.00,29035347300.80,345239.00
13-12-2023,Wednesday,December,Q4,2023,EQ,1632.45,1636.00,1615.10,1634.60,1633.80,1630.90,1628.14,1757.50,1460.25,14673457.00,23890410498.90,352315.00
12-12-2023,Tuesday,December,Q4,2023,EQ,1654.20,1656.25,1631.85,1651.00,1634.45,1634.60,1645.41,1757.50,1460.25,18290738.00,30095821186.80,386854.00
11-12-2023,Monday,December,Q4,2023,EQ,1650.05,1663.70,1647.00,1653.20,1650.00,1651.00,1653.00,1757.50,1460.25,11593810.00,19164609234.90,376768.00
08-12-2023,Friday,December,Q4,2023,EQ,1630.45,1655.00,1630.45,1630.45,1653.00,1653.20,1648.92,1757.50,1460.25,16864019.00,27807418190.95,372167.00
07-12-2023,Thursday,December,Q4,2023,EQ,1625.00,1634.00,1616.20,1627.80,1630.50,1630.45,1628.48,1757.50,1460.25,10225193.00,16651513307.40,219921.00
06-12-2023,Wednesday,December,Q4,2023,EQ,1638.45,1638.45,1616.65,1623.70,1626.30,1627.80,1627.41,1757.50,1460.25,19306530.00,31419573681.05,340998.00
05-12-2023,Tuesday,December,Q4,2023,EQ,1636.50,1639.00,1616.50,1609.40,1622.00,1623.70,1626.07,1757.50,1460.25,26115410.00,42465536275.85,397106.00
04-12-2023,Monday,December,Q4,2023,EQ,1588.00,1612.00,1573.65,1555.40,1609.15,1609.40,1592.26,1757.50,1460.25,25331228.00,40333820531.20,441679.00
01-12-2023,Friday,December,Q4,2023,EQ,1557.90,1565.75,1552.10,1558.80,1552.35,1555.40,1559.16,1757.50,1460.25,11076768.00,17270479586.70,299721.00
30-11-2023,Thursday,November,Q4,2023,EQ,1569.15,1572.45,1542.15,1559.15,1556.60,1558.80,1555.55,1757.50,1460.25,34745720.00,54048690749.35,352886.00
29-11-2023,Wednesday,November,Q4,2023,EQ,1533.90,1563.00,1533.00,1528.65,1560.30,1559.15,1547.46,1757.50,1460.25,17021244.00,26339738845.55,314977.00
28-11-2023,Tuesday,November,Q4,2023,EQ,1535.20,1537.25,1525.80,1532.10,1530.95,1528.65,1531.88,1757.50,1460.25,14244669.00,21821167498.85,254566.00
24-11-2023,Friday,November,Q4,2023,EQ,1521.20,1533.15,1519.85,1521.30,1531.40,1532.10,1529.01,1757.50,1460.25,8234596.00,12590757692.80,191494.00
23-11-2023,Thursday,November,Q4,2023,EQ,1508.50,1523.85,1508.50,1512.55,1521.70,1521.30,1519.21,1757.50,1460.25,6523110.00,9909995976.95,170796.00
22-11-2023,Wednesday,November,Q4,2023,EQ,1520.00,1520.00,1503.55,1517.95,1512.90,1512.55,1513.24,1757.50,1460.25,14561825.00,22035595098.85,261084.00
21-11-2023,Tuesday,November,Q4,2023,EQ,1519.00,1522.00,1512.10,1505.20,1518.25,1517.95,1517.79,1757.50,1460.25,12479986.00,18941939824.75,291918.00
20-11-2023,Monday,November,Q4,2023,EQ,1513.00,1513.00,1501.55,1505.10,1505.90,1505.20,1505.46,1757.50,1460.25,9665726.00,14551379677.65,200480.00
17-11-2023,Friday,November,Q4,2023,EQ,1490.00,1507.50,1489.00,1508.35,1505.00,1505.10,1502.48,1757.50,1460.25,11850937.00,17805835559.30,298602.00
16-11-2023,Thursday,November,Q4,2023,EQ,1509.70,1519.00,1503.75,1504.40,1508.00,1508.35,1511.01,1757.50,1460.25,14856919.00,22449002896.90,270257.00
15-11-2023,Wednesday,November,Q4,2023,EQ,1504.10,1510.95,1500.55,1488.80,1504.80,1504.40,1505.70,1757.50,1460.25,20622730.00,31051566881.50,331586.00
13-11-2023,Monday,November,Q4,2023,EQ,1492.10,1495.95,1485.90,1500.00,1489.00,1488.80,1490.72,1757.50,1460.25,10302957.00,15358848457.45,318892.00
12-11-2023,Sunday,November,Q4,2023,EQ,1500.00,1502.00,1496.15,1491.50,1499.00,1500.00,1499.50,1757.50,1460.25,1975463.00,2962207492.65,85801.00
10-11-2023,Friday,November,Q4,2023,EQ,1480.10,1496.00,1480.05,1485.65,1495.00,1491.50,1486.67,1757.50,1460.25,7007593.00,10417971067.75,181055.00
09-11-2023,Thursday,November,Q4,2023,EQ,1486.00,1492.60,1483.50,1491.55,1486.50,1485.65,1487.69,1757.50,1460.25,11058370.00,16451404289.60,281527.00
08-11-2023,Wednesday,November,Q4,2023,EQ,1483.95,1493.45,1481.00,1487.25,1491.80,1491.55,1489.03,1757.50,1460.25,15699773.00,23377406572.30,499216.00
07-11-2023,Tuesday,November,Q4,2023,EQ,1494.00,1494.00,1477.20,1494.50,1490.00,1487.25,1484.48,1757.50,1460.25,20976424.00,31139051244.05,585794.00
06-11-2023,Monday,November,Q4,2023,EQ,1498.00,1498.00,1483.00,1483.75,1493.80,1494.50,1488.25,1757.50,1460.25,12796865.00,19044945751.70,386836.00
03-11-2023,Friday,November,Q4,2023,EQ,1488.00,1491.40,1481.65,1476.75,1484.50,1483.75,1487.25,1757.50,1460.25,9047670.00,13456152900.70,226806.00
02-11-2023,Thursday,November,Q4,2023,EQ,1485.00,1490.50,1467.15,1474.50,1478.70,1476.75,1472.27,1757.50,1460.25,22612577.00,33291873290.70,260964.00
01-11-2023,Wednesday,November,Q4,2023,EQ,1462.25,1477.45,1462.25,1476.50,1477.00,1474.50,1469.20,1757.50,1460.25,16938733.00,24886425534.80,340052.00
31-10-2023,Tuesday,October,Q4,2023,EQ,1504.00,1504.00,1474.00,1485.10,1475.00,1476.50,1482.03,1757.50,1460.25,16317412.00,24182840370.90,422644.00
30-10-2023,Monday,October,Q4,2023,EQ,1463.25,1489.95,1461.90,1469.15,1487.85,1485.10,1479.49,1757.50,1460.25,11655491.00,17244138134.55,269734.00
27-10-2023,Friday,October,Q4,2023,EQ,1469.50,1478.00,1466.90,1463.40,1472.55,1469.15,1470.94,1757.50,1445.00,15970266.00,23491378766.10,283464.00
26-10-2023,Thursday,October,Q4,2023,EQ,1491.25,1492.00,1460.25,1496.50,1462.45,1463.40,1469.55,1757.50,1445.00,27780899.00,40825480054.70,624140.00
25-10-2023,Wednesday,October,Q4,2023,EQ,1521.00,1522.80,1491.45,1506.05,1494.20,1496.50,1505.86,1757.50,1445.00,14155998.00,21316945153.10,372043.00
23-10-2023,Monday,October,Q4,2023,EQ,1523.50,1528.75,1500.10,1522.80,1507.00,1506.05,1520.08,1757.50,1445.00,11188068.00,17006738603.70,249005.00
20-10-2023,Friday,October,Q4,2023,EQ,1505.00,1527.00,1505.00,1514.95,1523.40,1522.80,1519.35,1757.50,1427.00,10547005.00,16024569217.40,267376.00
19-10-2023,Thursday,October,Q4,2023,EQ,1505.40,1526.25,1503.20,1519.75,1514.50,1514.95,1516.62,1757.50,1427.00,15126182.00,22940629736.40,331067.00
18-10-2023,Wednesday,October,Q4,2023,EQ,1541.20,1541.20,1518.10,1541.20,1519.00,1519.75,1524.62,1757.50,1427.00,15608100.00,23796358906.90,342915.00
17-10-2023,Tuesday,October,Q4,2023,EQ,1555.75,1555.75,1535.00,1529.60,1542.50,1541.20,1542.46,1757.50,1427.00,16451279.00,25375468422.15,382090.00
16-10-2023,Monday,October,Q4,2023,EQ,1531.50,1534.45,1520.50,1535.75,1532.00,1529.60,1529.19,1757.50,1427.00,8928042.00,13652681917.00,223477.00
13-10-2023,Friday,October,Q4,2023,EQ,1540.00,1548.80,1529.95,1549.85,1533.50,1535.75,1539.45,1757.50,1384.00,19872650.00,30592884042.20,256367.00
12-10-2023,Thursday,October,Q4,2023,EQ,1536.10,1552.00,1531.60,1539.60,1548.00,1549.85,1541.66,1757.50,1384.00,11012668.00,16977844444.80,239200.00
11-10-2023,Wednesday,October,Q4,2023,EQ,1530.10,1542.15,1528.50,1524.85,1542.00,1539.60,1534.92,1757.50,1384.00,15666680.00,24047140129.10,282864.00
10-10-2023,Tuesday,October,Q4,2023,EQ,1520.55,1529.00,1515.20,1516.25,1526.00,1524.85,1523.15,1757.50,1384.00,16633146.00,25334854412.75,375460.00
09-10-2023,Monday,October,Q4,2023,EQ,1528.00,1530.00,1512.00,1534.05,1516.00,1516.25,1517.69,1757.50,1384.00,8227486.00,12486790439.80,219643.00
06-10-2023,Friday,October,Q4,2023,EQ,1544.00,1545.00,1529.85,1535.75,1535.00,1534.05,1539.10,1757.50,1384.00,8879678.00,13666672813.35,221516.00
05-10-2023,Thursday,October,Q4,2023,EQ,1535.05,1551.55,1532.60,1529.55,1535.85,1535.75,1540.76,1757.50,1384.00,24256337.00,37373176644.20,360029.00
04-10-2023,Wednesday,October,Q4,2023,EQ,1495.00,1535.00,1489.25,1508.05,1532.00,1529.55,1519.36,1757.50,1384.00,27324715.00,41515975722.85,465424.00
03-10-2023,Tuesday,October,Q4,2023,EQ,1527.00,1527.00,1506.00,1526.30,1508.00,1508.05,1511.94,1757.50,1384.00,19485847.00,29461459601.05,466405.00
29-09-2023,Friday,September,Q3,2023,EQ,1523.70,1535.45,1522.30,1523.70,1525.85,1526.30,1529.20,1757.50,1365.00,16026891.00,24508375856.50,274764.00
28-09-2023,Thursday,September,Q3,2023,EQ,1534.00,1537.60,1518.35,1526.85,1518.40,1523.70,1526.61,1757.50,1365.00,27677094.00,42252070128.65,324684.00
27-09-2023,Wednesday,September,Q3,2023,EQ,1523.00,1532.50,1515.00,1537.65,1527.45,1526.85,1524.39,1757.50,1365.00,19669269.00,29983598526.15,384553.00
26-09-2023,Tuesday,September,Q3,2023,EQ,1525.00,1540.00,1525.00,1531.00,1538.00,1537.65,1535.23,1757.50,1365.00,13787654.00,21167197917.55,303026.00
25-09-2023,Monday,September,Q3,2023,EQ,1525.00,1540.70,1525.00,1529.65,1528.90,1531.00,1533.28,1757.50,1365.00,20104377.00,30825720275.30,338863.00
22-09-2023,Friday,September,Q3,2023,EQ,1559.00,1564.40,1523.75,1553.35,1530.20,1529.65,1544.59,1757.50,1365.00,30852125.00,47653955740.50,548206.00
21-09-2023,Thursday,September,Q3,2023,EQ,1553.00,1568.95,1537.05,1563.70,1554.50,1553.35,1555.34,1757.50,1365.00,36420721.00,56646657569.55,614240.00
20-09-2023,Wednesday,September,Q3,2023,EQ,1599.00,1599.00,1560.40,1629.05,1566.00,1563.70,1570.63,1757.50,1365.00,57737324.00,90684080075.60,977717.00
18-09-2023,Monday,September,Q3,2023,EQ,1653.75,1655.00,1626.10,1661.75,1629.65,1629.05,1636.50,1757.50,1365.00,18528144.00,30321224693.30,292658.00
15-09-2023,Friday,September,Q3,2023,EQ,1650.00,1670.00,1650.00,1642.90,1657.00,1661.75,1660.63,1757.50,1365.00,86705601.00,143986131583.85,485971.00
14-09-2023,Thursday,September,Q3,2023,EQ,1644.25,1650.00,1635.10,1643.90,1643.00,1642.90,1642.38,1757.50,1365.00,11769424.00,19329882409.25,269108.00
13-09-2023,Wednesday,September,Q3,2023,EQ,1631.30,1651.60,1628.60,1636.90,1641.60,1643.90,1643.76,1757.50,1365.00,23210047.00,38151741645.90,353522.00
12-09-2023,Tuesday,September,Q3,2023,EQ,1640.00,1642.90,1625.05,1631.80,1636.00,1636.90,1635.47,1757.50,1365.00,19516670.00,31918959857.45,310906.00
11-09-2023,Monday,September,Q3,2023,EQ,1628.90,1636.50,1624.00,1623.40,1633.00,1631.80,1631.32,1757.50,1365.00,15786511.00,25752884037.25,290843.00
08-09-2023,Friday,September,Q3,2023,EQ,1608.30,1632.90,1607.60,1610.85,1623.20,1623.40,1619.68,1757.50,1365.00,17251105.00,27941256455.40,263597.00
07-09-2023,Thursday,September,Q3,2023,EQ,1595.50,1614.00,1587.15,1595.50,1611.00,1610.85,1601.67,1757.50,1365.00,17104171.00,27395255131.15,282493.00
06-09-2023,Wednesday,September,Q3,2023,EQ,1576.80,1600.00,1574.90,1574.90,1599.00,1595.50,1588.41,1757.50,1365.00,28160455.00,44730393184.30,394705.00
05-09-2023,Tuesday,September,Q3,2023,EQ,1588.40,1588.40,1570.60,1584.55,1575.00,1574.90,1576.27,1757.50,1365.00,19356041.00,30510314620.10,407651.00
04-09-2023,Monday,September,Q3,2023,EQ,1590.00,1591.45,1574.90,1574.70,1584.50,1584.55,1582.03,1757.50,1365.00,12536819.00,19833666505.30,236702.00
01-09-2023,Friday,September,Q3,2023,EQ,1571.00,1579.00,1559.35,1571.45,1573.75,1574.70,1569.33,1757.50,1365.00,21613388.00,33918508405.30,450304.00
31-08-2023,Thursday,August,Q3,2023,EQ,1579.00,1583.15,1563.10,1578.70,1577.00,1571.45,1570.99,1757.50,1365.00,50037886.00,78608931136.20,419748.00
30-08-2023,Wednesday,August,Q3,2023,EQ,1603.95,1603.95,1573.70,1590.30,1579.00,1578.70,1589.56,1757.50,1365.00,14042102.00,22320781696.10,297743.00
29-08-2023,Tuesday,August,Q3,2023,EQ,1589.70,1592.65,1581.45,1577.75,1591.25,1590.30,1588.37,1757.50,1365.00,17769466.00,28224420149.05,341561.00
28-08-2023,Monday,August,Q3,2023,EQ,1561.50,1582.65,1561.50,1561.50,1578.00,1577.75,1574.43,1757.50,1365.00,14433619.00,22724692200.70,289068.00
25-08-2023,Friday,August,Q3,2023,EQ,1574.55,1577.50,1558.40,1579.30,1559.20,1561.50,1564.93,1757.50,1365.00,15034878.00,23528489943.80,350735.00
24-08-2023,Thursday,August,Q3,2023,EQ,1593.30,1596.20,1576.15,1586.60,1579.60,1579.30,1583.60,1757.50,1365.00,21572896.00,34162775004.65,397769.00
23-08-2023,Wednesday,August,Q3,2023,EQ,1580.00,1590.55,1573.25,1582.70,1588.50,1586.60,1581.99,1757.50,1365.00,18249294.00,28870123207.45,329674.00
22-08-2023,Tuesday,August,Q3,2023,EQ,1596.35,1598.00,1580.00,1589.50,1581.45,1582.70,1588.09,1757.50,1365.00,16136785.00,25626713594.35,420291.00
21-08-2023,Monday,August,Q3,2023,EQ,1600.50,1600.50,1587.00,1590.75,1587.80,1589.50,1593.07,1757.50,1365.00,10918635.00,17394109160.45,241780.00
18-08-2023,Friday,August,Q3,2023,EQ,1587.55,1596.30,1585.50,1597.30,1588.70,1590.75,1590.59,1757.50,1365.00,12816683.00,20386133002.30,282239.00
17-08-2023,Thursday,August,Q3,2023,EQ,1597.60,1609.90,1594.00,1606.20,1595.00,1597.30,1600.21,1757.50,1365.00,26442020.00,42312860300.10,400922.00
16-08-2023,Wednesday,August,Q3,2023,EQ,1583.10,1609.65,1581.30,1610.90,1604.35,1606.20,1596.67,1757.50,1365.00,17068771.00,27253151750.90,300850.00
14-08-2023,Monday,August,Q3,2023,EQ,1611.00,1615.00,1600.25,1618.80,1608.50,1610.90,1608.96,1757.50,1365.00,15652205.00,25183794816.50,349385.00
11-08-2023,Friday,August,Q3,2023,EQ,1638.40,1638.40,1616.20,1635.85,1620.90,1618.80,1625.76,1757.50,1365.00,14112911.00,22944247784.10,271050.00
10-08-2023,Thursday,August,Q3,2023,EQ,1647.05,1654.25,1631.00,1650.50,1638.00,1635.85,1638.99,1757.50,1365.00,25390559.00,41614959546.45,332263.00
09-08-2023,Wednesday,August,Q3,2023,EQ,1653.00,1654.50,1631.10,1649.90,1652.70,1650.50,1640.24,1757.50,1365.00,16680618.00,27360230365.00,228397.00
08-08-2023,Tuesday,August,Q3,2023,EQ,1651.70,1655.60,1642.05,1651.25,1649.00,1649.90,1650.13,1757.50,1365.00,21886914.00,36116274511.30,300979.00
07-08-2023,Monday,August,Q3,2023,EQ,1663.10,1663.10,1647.55,1652.20,1651.00,1651.25,1653.09,1757.50,1365.00,14150459.00,23391943678.55,256889.00
04-08-2023,Friday,August,Q3,2023,EQ,1635.15,1656.50,1629.25,1628.65,1652.85,1652.20,1641.73,1757.50,1365.00,18694152.00,30690712012.15,310206.00
03-08-2023,Thursday,August,Q3,2023,EQ,1640.00,1651.35,1623.00,1640.50,1632.60,1628.65,1633.08,1757.50,1365.00,28836973.00,47093113412.85,439722.00
02-08-2023,Wednesday,August,Q3,2023,EQ,1642.00,1651.50,1633.15,1662.25,1641.90,1640.50,1644.34,1757.50,1365.00,14058161.00,23116346478.45,380609.00
01-08-2023,Tuesday,August,Q3,2023,EQ,1654.45,1667.45,1650.00,1651.20,1660.00,1662.25,1659.39,1757.50,1365.00,17697094.00,29366453399.30,385496.00
31-07-2023,Monday,July,Q3,2023,EQ,1650.05,1656.80,1638.70,1643.50,1650.00,1651.20,1649.01,1757.50,1365.00,17282503.00,28499054865.30,434555.00
28-07-2023,Friday,July,Q3,2023,EQ,1661.50,1668.90,1641.10,1673.15,1642.90,1643.50,1649.58,1757.50,1365.00,20507842.00,33829321793.55,422378.00
27-07-2023,Thursday,July,Q3,2023,EQ,1699.90,1703.00,1667.45,1690.70,1676.95,1673.15,1681.08,1757.50,1365.00,29870651.00,50214860523.75,506283.00
26-07-2023,Wednesday,July,Q3,2023,EQ,1699.60,1699.60,1688.00,1696.60,1689.30,1690.70,1692.97,1757.50,1365.00,12397179.00,20988022760.35,251108.00
25-07-2023,Tuesday,July,Q3,2023,EQ,1684.65,1699.00,1678.40,1678.40,1694.55,1696.60,1692.19,1757.50,1365.00,27996298.00,47375021905.75,534396.00
24-07-2023,Monday,July,Q3,2023,EQ,1678.50,1684.65,1670.10,1675.75,1679.50,1678.40,1677.75,1757.50,1365.00,16089722.00,26994570123.70,296190.00
21-07-2023,Friday,July,Q3,2023,EQ,1680.00,1689.80,1673.25,1688.75,1677.75,1675.75,1680.80,1757.50,1337.00,21077124.00,35426465573.70,337174.00
20-07-2023,Thursday,July,Q3,2023,EQ,1681.15,1692.00,1680.00,1685.10,1688.90,1688.75,1686.08,1757.50,1337.00,28105474.00,47388096303.30,433278.00
19-07-2023,Wednesday,July,Q3,2023,EQ,1681.10,1688.75,1675.00,1677.50,1684.75,1685.10,1682.45,1757.50,1337.00,16467567.00,27705915264.20,427479.00
18-07-2023,Tuesday,July,Q3,2023,EQ,1698.00,1704.00,1670.00,1678.90,1678.00,1677.50,1683.83,1757.50,1337.00,40538409.00,68259872564.30,704526.00
17-07-2023,Monday,July,Q3,2023,EQ,1650.00,1682.00,1633.00,1644.50,1678.35,1678.90,1660.51,1757.50,1337.00,24626464.00,40892507962.10,435163.00
14-07-2023,Friday,July,Q3,2023,EQ,1653.60,1653.60,1635.00,1641.10,1645.60,1644.50,1642.71,1757.50,1337.00,12363607.00,20309876686.30,462491.00
13-07-2023,Thursday,July,Q3,2023,EQ,1656.70,1657.45,1638.05,1632.95,1644.55,1641.10,1648.62,1757.50,1337.00,20956773.00,34549848532.65,432632.00
