Date,Day,Month Name,Quarter,Year,series,OPEN,HIGH,LOW,PREV. CLOSE,ltp,close,vwap,52W H,52W L,VOLUME,VALUE,No of trades,Month No,Stock Name
11-07-2025,Friday,July,Q3,2025,EQ,1512,1515,1490.3,1517.2,1495,1495.2,1496.06,3217.6,1114.85,7234991,10823982872,178490,7,Reliance
10-07-2025,Thursday,July,Q3,2025,EQ,1519.7,1524.7,1507.5,1519,1515.2,1517.2,1516.2,3217.6,1114.85,10047129,15233458376,289035,7,Reliance
09-07-2025,Wednesday,July,Q3,2025,EQ,1536.7,1551,1510.1,1537.6,1520.5,1519,1532.97,3217.6,1114.85,8870660,13598441339,254524,7,Reliance
08-07-2025,Tuesday,July,Q3,2025,EQ,1536,1544.9,1530.2,1541.5,1538,1537.6,1536.23,3217.6,1114.85,7171261,11016684352,191265,7,Reliance
07-07-2025,Monday,July,Q3,2025,EQ,1526.6,1544.8,1525,1527.3,1540.5,1541.5,1539.06,3217.6,1114.85,7251074,11159858746,205134,7,Reliance
04-07-2025,Friday,July,Q3,2025,EQ,1524,1530,1517.2,1517.8,1528.1,1527.3,1523.57,3217.6,1114.85,6603501,10060908691,167255,7,Reliance
03-07-2025,Thursday,July,Q3,2025,EQ,1520.8,1531.9,1513,1518.8,1515,1517.8,1520.57,3217.6,1114.85,11283291,17156979937,258008,7,Reliance
02-07-2025,Wednesday,July,Q3,2025,EQ,1528.4,1530,1508.7,1528.4,1517.1,1518.8,1518.29,3217.6,1114.85,6361002,9657844399,183873,7,Reliance
01-07-2025,Tuesday,July,Q3,2025,EQ,1500.6,1531.4,1500.1,1500.6,1526.8,1528.4,1522.95,3217.6,1114.85,10368523,15790750945,232573,7,Reliance
30-06-2025,Monday,June,Q2,2025,EQ,1513.8,1524.8,1496,1515.4,1499.9,1500.6,1509.28,3217.6,1114.85,8409527,12692329820,242195,6,Reliance
27-06-2025,Friday,June,Q2,2025,EQ,1499.4,1522,1496.9,1495.3,1514,1515.4,1511.99,3217.6,1114.85,11117052,16808908375,269877,6,Reliance
26-06-2025,Thursday,June,Q2,2025,EQ,1469.1,1498.8,1465.1,1467.3,1495.3,1495.3,1488.16,3217.6,1114.85,14657893,21813325246,247215,6,Reliance
25-06-2025,Wednesday,June,Q2,2025,EQ,1464,1472.4,1460.5,1450.8,1467.6,1467.3,1467.46,3217.6,1114.85,7525851,11043861535,197720,6,Reliance
24-06-2025,Tuesday,June,Q2,2025,EQ,1465,1475,1443.1,1456.8,1456.8,1450.8,1456.68,3217.6,1114.85,16402744,23893522923,284313,6,Reliance
23-06-2025,Monday,June,Q2,2025,EQ,1453,1463.8,1442,1466.2,1456,1456.8,1453.48,3217.6,1114.85,5989078,8705005212,226309,6,Reliance
20-06-2025,Friday,June,Q2,2025,EQ,1431,1471,1428.1,1433.3,1464.1,1466.2,1462.68,3217.6,1114.85,29010635,42433300496,276278,6,Reliance
19-06-2025,Thursday,June,Q2,2025,EQ,1430.1,1439.9,1425.7,1430.1,1428,1433.3,1433.8,3217.6,1114.85,10007230,14348370218,179473,6,Reliance
18-06-2025,Wednesday,June,Q2,2025,EQ,1430,1442.8,1425.7,1431.2,1429.7,1430.1,1431.31,3217.6,1114.85,6681735,9563629434,138211,6,Reliance
17-06-2025,Tuesday,June,Q2,2025,EQ,1448,1448,1425.8,1437.8,1430,1431.2,1432.15,3217.6,1114.85,10366599,14846517402,191173,6,Reliance
16-06-2025,Monday,June,Q2,2025,EQ,1426.9,1442.4,1424.4,1427.9,1436.9,1437.8,1436.42,3217.6,1114.85,8458093,12149412491,213623,6,Reliance
13-06-2025,Friday,June,Q2,2025,EQ,1424,1435.5,1414.3,1441.6,1427.5,1427.9,1423.95,3217.6,1114.85,9757276,13893905321,202256,6,Reliance
12-06-2025,Thursday,June,Q2,2025,EQ,1453.5,1457,1434.4,1448.9,1439.5,1441.6,1444.32,3217.6,1114.85,8828114,12750612321,190194,6,Reliance
11-06-2025,Wednesday,June,Q2,2025,EQ,1445.8,1468.6,1443.1,1438.5,1448,1448.9,1456.11,3217.6,1114.85,8195700,11933850943,184593,6,Reliance
10-06-2025,Tuesday,June,Q2,2025,EQ,1450,1453.9,1436,1448.8,1437.3,1438.5,1442.59,3217.6,1114.85,7913181,11415476581,167203,6,Reliance
09-06-2025,Monday,June,Q2,2025,EQ,1457,1457.5,1445.3,1443.5,1447.2,1448.8,1449.95,3217.6,1114.85,7885125,11433033632,159916,6,Reliance
06-06-2025,Friday,June,Q2,2025,EQ,1441,1451.5,1437,1442.4,1443,1443.5,1444.22,3217.6,1114.85,8182161,11816875426,179734,6,Reliance
05-06-2025,Thursday,June,Q2,2025,EQ,1428,1454.7,1423.6,1423.5,1442.7,1442.4,1442.72,3217.6,1114.85,13716817,19789468217,304069,6,Reliance
04-06-2025,Wednesday,June,Q2,2025,EQ,1414.7,1425.7,1406.1,1405.5,1421,1423.5,1415.78,3217.6,1114.85,8126827,11505806731,152064,6,Reliance
03-06-2025,Tuesday,June,Q2,2025,EQ,1422.3,1426.5,1403.4,1413.7,1405.4,1405.5,1412.34,3217.6,1114.85,11252626,15892572174,230110,6,Reliance
02-06-2025,Monday,June,Q2,2025,EQ,1412.1,1417.5,1395.6,1420.9,1412.6,1413.7,1407.75,3217.6,1114.85,8098668,11400864785,189977,6,Reliance
30-05-2025,Friday,May,Q2,2025,EQ,1418,1430.6,1409.7,1417.8,1417.9,1420.9,1419.89,3217.6,1114.85,13788484,19578154095,155127,5,Reliance
29-05-2025,Thursday,May,Q2,2025,EQ,1412.1,1420,1408.6,1412.9,1419.5,1417.8,1414.72,3217.6,1114.85,13771917,19483424682,265116,5,Reliance
28-05-2025,Wednesday,May,Q2,2025,EQ,1420.1,1422.6,1410.7,1422.1,1412.8,1412.9,1414.99,3217.6,1114.85,5944611,8411575746,169185,5,Reliance
27-05-2025,Tuesday,May,Q2,2025,EQ,1426.1,1437,1413.9,1434.8,1424.2,1422.1,1421.81,3217.6,1114.85,12640414,17972211282,211047,5,Reliance
26-05-2025,Monday,May,Q2,2025,EQ,1432,1441,1425.1,1426.8,1435.9,1434.8,1437.16,3217.6,1114.85,4842944,6960105851,171837,5,Reliance
23-05-2025,Friday,May,Q2,2025,EQ,1406.6,1433.8,1406.6,1409.4,1426,1426.8,1424.63,3217.6,1114.85,6474883,9224312173,135371,5,Reliance
22-05-2025,Thursday,May,Q2,2025,EQ,1421.2,1423.8,1396.9,1429.2,1411.5,1409.4,1406.85,3217.6,1114.85,12134466,17071402012,228031,5,Reliance
21-05-2025,Wednesday,May,Q2,2025,EQ,1423.9,1436.2,1418.1,1424.6,1428.2,1429.2,1427.75,3217.6,1114.85,6136364,8761209046,232529,5,Reliance
20-05-2025,Tuesday,May,Q2,2025,EQ,1438.2,1445,1421.8,1440.8,1424.5,1424.6,1429.91,3217.6,1114.85,11270560,16115906328,182531,5,Reliance
19-05-2025,Monday,May,Q2,2025,EQ,1452.1,1454.6,1438.2,1456.4,1442.9,1440.8,1443.67,3217.6,1114.85,6195791,8944705922,144606,5,Reliance
16-05-2025,Friday,May,Q2,2025,EQ,1453.2,1461,1447.3,1454.2,1454.8,1456.4,1455.16,3217.6,1114.85,9036695,13149797875,196322,5,Reliance
15-05-2025,Thursday,May,Q2,2025,EQ,1425,1461.4,1412.7,1424.4,1453,1454.2,1441.41,3217.6,1114.85,20177211,29083683835,314261,5,Reliance
14-05-2025,Wednesday,May,Q2,2025,EQ,1420,1429.9,1415.5,1415.7,1425.2,1424.4,1423.31,3217.6,1114.85,5570160,7928045615,145014,5,Reliance
13-05-2025,Tuesday,May,Q2,2025,EQ,1433.5,1447.7,1412.4,1436.5,1416.5,1415.7,1423.23,3217.6,1114.85,11407896,16236102679,281992,5,Reliance
12-05-2025,Monday,May,Q2,2025,EQ,1400,1439,1400,1377.2,1436.9,1436.5,1426.35,3217.6,1114.85,10674081,15224970251,310602,5,Reliance
09-05-2025,Friday,May,Q2,2025,EQ,1385.5,1394.8,1374.5,1407,1379.5,1377.2,1382.39,3217.6,1114.85,13668904,18895751340,388013,5,Reliance
08-05-2025,Thursday,May,Q2,2025,EQ,1404.1,1420.8,1398,1406,1398,1407,1410.51,3217.6,1114.85,16106175,22717878064,231342,5,Reliance
07-05-2025,Wednesday,May,Q2,2025,EQ,1420.9,1424.4,1402.7,1420.9,1405.9,1406,1412.79,3217.6,1114.85,13440169,18988126278,222903,5,Reliance
06-05-2025,Tuesday,May,Q2,2025,EQ,1431,1432,1410.6,1431.3,1418,1420.9,1419.01,3217.6,1114.85,14084117,19985559677,226761,5,Reliance
05-05-2025,Monday,May,Q2,2025,EQ,1431,1439.5,1426.9,1422.4,1430,1431.3,1432,3217.6,1114.85,12685649,18165843553,204503,5,Reliance
02-05-2025,Friday,May,Q2,2025,EQ,1414,1426.7,1409.1,1405,1422.5,1422.4,1419.65,3217.6,1114.85,17535402,24894140200,378385,5,Reliance
30-04-2025,Wednesday,April,Q2,2025,EQ,1402,1412.4,1369,1399.7,1395,1405,1404.87,3217.6,1114.85,25480745,35797220282,598769,4,Reliance
29-04-2025,Tuesday,April,Q2,2025,EQ,1371,1410.9,1370,1368.8,1398.9,1399.7,1395.77,3217.6,1114.85,32538970,45417061105,680195,4,Reliance
28-04-2025,Monday,April,Q2,2025,EQ,1340,1374.6,1320.2,1300.4,1366.3,1368.8,1355.02,3217.6,1114.85,31104496,42147123069,893347,4,Reliance
25-04-2025,Friday,April,Q2,2025,EQ,1303.5,1325.2,1288.1,1301.6,1301,1300.4,1303.3,3217.6,1114.85,14431012,18807907515,307093,4,Reliance
24-04-2025,Thursday,April,Q2,2025,EQ,1292.4,1304.5,1290.3,1300,1303.5,1301.6,1298.32,3217.6,1114.85,10468940,13592084385,181309,4,Reliance
23-04-2025,Wednesday,April,Q2,2025,EQ,1297,1306,1285.4,1291.2,1297,1300,1297.08,3217.6,1114.85,10480888,13594597555,232149,4,Reliance
22-04-2025,Tuesday,April,Q2,2025,EQ,1300,1303.9,1286.3,1295.5,1289,1291.2,1295.99,3217.6,1114.85,13051707,16914900850,229331,4,Reliance
21-04-2025,Monday,April,Q2,2025,EQ,1270,1300.9,1267,1274.5,1295.2,1295.5,1291.47,3217.6,1114.85,10429964,13469949890,257857,4,Reliance
17-04-2025,Thursday,April,Q2,2025,EQ,1240.2,1280.2,1227.6,1239.3,1273,1274.5,1260.38,3217.6,1114.85,15398401,19407871411,321235,4,Reliance
16-04-2025,Wednesday,April,Q2,2025,EQ,1234.1,1240.9,1229,1240.1,1238,1239.3,1235.61,3217.6,1114.85,8248464,10191864642,164065,4,Reliance
15-04-2025,Tuesday,April,Q2,2025,EQ,1251,1251,1237.1,1218.95,1239.6,1240.1,1242.83,3217.6,1114.85,13378535,16627177949,199888,4,Reliance
11-04-2025,Friday,April,Q2,2025,EQ,1195.15,1222.65,1195.15,1185.35,1220,1218.95,1214.05,3217.6,1114.85,11224242,13626831086,187059,4,Reliance
09-04-2025,Wednesday,April,Q2,2025,EQ,1169.5,1189.8,1168,1182.2,1187.5,1185.35,1183.08,3217.6,1114.85,10223104,12094749463,193325,4,Reliance
08-04-2025,Tuesday,April,Q2,2025,EQ,1172,1196.6,1163.3,1165.7,1181.05,1182.2,1179.5,3217.6,1114.85,19555040,23065209423,314171,4,Reliance
07-04-2025,Monday,April,Q2,2025,EQ,1132.2,1171.25,1114.85,1204.7,1171.25,1165.7,1150.54,3217.6,1114.85,22156106,25491501839,677564,4,Reliance
04-04-2025,Friday,April,Q2,2025,EQ,1241.1,1245.45,1193.15,1248.7,1205.9,1204.7,1206.62,3217.6,1156,17908652,21608977995,542347,4,Reliance
03-04-2025,Thursday,April,Q2,2025,EQ,1233.05,1251.8,1233.05,1251.15,1248.5,1248.7,1246.31,3217.6,1156,7434366,9265530671,146316,4,Reliance
02-04-2025,Wednesday,April,Q2,2025,EQ,1247.55,1255.55,1243.9,1252.6,1252,1251.15,1251.04,3217.6,1156,10142590,12688802512,177979,4,Reliance
01-04-2025,Tuesday,April,Q2,2025,EQ,1264.6,1277.9,1249.3,1275.1,1254,1252.6,1260.72,3217.6,1156,12099648,15254261047,260862,4,Reliance
28-03-2025,Friday,March,Q1,2025,EQ,1280,1295.75,1269,1278.2,1274,1275.1,1278.15,3217.6,1156,18147129,23194774031,265113,3,Reliance
27-03-2025,Thursday,March,Q1,2025,EQ,1278.15,1285,1271.3,1273.05,1280,1278.2,1278.9,3217.6,1156,15028056,19219399903,224828,3,Reliance
26-03-2025,Wednesday,March,Q1,2025,EQ,1291,1293.8,1268.75,1285.45,1270.9,1273.05,1279.04,3217.6,1156,12074747,15444062345,292138,3,Reliance
25-03-2025,Tuesday,March,Q1,2025,EQ,1307.7,1307.7,1282.6,1302.1,1285.25,1285.45,1290.63,3217.6,1156,13713899,17699568390,271251,3,Reliance
24-03-2025,Monday,March,Q1,2025,EQ,1291,1306,1284.25,1276.35,1302.65,1302.1,1297.38,3217.6,1156,20299319,26335901171,347056,3,Reliance
21-03-2025,Friday,March,Q1,2025,EQ,1275,1281,1270.1,1269.15,1277.5,1276.35,1276.34,3217.6,1156,21780769,27799653516,230001,3,Reliance
20-03-2025,Thursday,March,Q1,2025,EQ,1251.85,1273,1250.05,1247.15,1268.2,1269.15,1262.54,3217.6,1156,15971477,20164561988,219527,3,Reliance
19-03-2025,Wednesday,March,Q1,2025,EQ,1241.05,1253.25,1238.8,1238.8,1248,1247.15,1247.22,3217.6,1156,16162399,20158006341,217782,3,Reliance
18-03-2025,Tuesday,March,Q1,2025,EQ,1244.7,1248.35,1235,1238.85,1239.95,1238.8,1238.98,3217.6,1156,15745877,19508893455,312315,3,Reliance
17-03-2025,Monday,March,Q1,2025,EQ,1242.15,1257.4,1233.1,1247.9,1241.55,1238.85,1239.76,3217.6,1156,16640952,20630843725,269824,3,Reliance
13-03-2025,Thursday,March,Q1,2025,EQ,1260.05,1264.15,1243.85,1257.05,1246.65,1247.9,1254.23,3217.6,1156,9505270,11921766654,194588,3,Reliance
12-03-2025,Wednesday,March,Q1,2025,EQ,1258,1263,1244,1247.3,1255.95,1257.05,1252.97,3217.6,1156,11977555,15007514669,161536,3,Reliance
11-03-2025,Tuesday,March,Q1,2025,EQ,1240,1249.5,1229.75,1238.4,1247.25,1247.3,1241.71,3217.6,1156,10089838,12528623904,155065,3,Reliance
10-03-2025,Monday,March,Q1,2025,EQ,1245,1258,1235.4,1249.8,1237.7,1238.4,1245.85,3217.6,1156,11931051,14864340066,288299,3,Reliance
07-03-2025,Friday,March,Q1,2025,EQ,1216,1254.8,1212,1209.6,1246.4,1249.8,1243.95,3217.6,1156,16474965,20494065097,424924,3,Reliance
06-03-2025,Thursday,March,Q1,2025,EQ,1197,1213.95,1185.15,1175.6,1211.5,1209.6,1199.05,3217.6,1156,14468014,17347917723,250467,3,Reliance
05-03-2025,Wednesday,March,Q1,2025,EQ,1161,1183,1157,1161.9,1177.15,1175.6,1173.4,3217.6,1156,8664095,10166451493,196774,3,Reliance
04-03-2025,Tuesday,March,Q1,2025,EQ,1162.2,1174,1159.55,1171.25,1160.45,1161.9,1164.92,3217.6,1156,11377373,13253711939,275459,3,Reliance
03-03-2025,Monday,March,Q1,2025,EQ,1204,1206.45,1156,1200.1,1174,1171.25,1168.57,3217.6,1156,17944938,20969945819,682013,3,Reliance
28-02-2025,Friday,February,Q1,2025,EQ,1202,1217.35,1193.3,1207.1,1198,1200.1,1205.62,3217.6,1193.3,23007298,27738125738,355378,2,Reliance
27-02-2025,Thursday,February,Q1,2025,EQ,1212.8,1215,1200.65,1204,1208,1207.1,1206.31,3217.6,1193.35,11509215,13883637029,236188,2,Reliance
25-02-2025,Tuesday,February,Q1,2025,EQ,1211,1221,1201.5,1214.55,1202,1204,1209.6,3217.6,1193.35,11552182,13973492940,213192,2,Reliance
24-02-2025,Monday,February,Q1,2025,EQ,1216.55,1223.25,1210.5,1228.15,1215,1214.55,1215.9,3217.6,1193.35,7172498,8721021715,200264,2,Reliance
21-02-2025,Friday,February,Q1,2025,EQ,1228.7,1240,1222.15,1233,1226.9,1228.15,1231.37,3217.6,1193.35,6904025,8501382498,213824,2,Reliance
20-02-2025,Thursday,February,Q1,2025,EQ,1223.95,1239.35,1222,1227.45,1232,1233,1233.94,3217.6,1193.35,7795582,9619277167,162561,2,Reliance
19-02-2025,Wednesday,February,Q1,2025,EQ,1219.5,1232.75,1217.55,1225.4,1226.3,1227.45,1226.67,3217.6,1193.35,6217338,7626601753,178165,2,Reliance
18-02-2025,Tuesday,February,Q1,2025,EQ,1224.85,1229.9,1216.1,1224.9,1223.95,1225.4,1223.94,3217.6,1193.35,6673250,8167661854,181273,2,Reliance
17-02-2025,Monday,February,Q1,2025,EQ,1211.1,1227.5,1204.5,1217.25,1225.45,1224.9,1219.62,3217.6,1193.35,8166683,9960241447,220670,2,Reliance
14-02-2025,Friday,February,Q1,2025,EQ,1219,1224,1205.45,1216.1,1214.75,1217.25,1215.1,3217.6,1193.35,10298145,12513277267,202314,2,Reliance
13-02-2025,Thursday,February,Q1,2025,EQ,1217.05,1228,1212,1216.55,1216.2,1216.1,1219.6,3217.6,1193.35,8511216,10380276762,266249,2,Reliance
12-02-2025,Wednesday,February,Q1,2025,EQ,1219.45,1226.9,1193.35,1234.85,1217.05,1216.55,1211.39,3217.6,1193.35,21131654,25598619531,404276,2,Reliance
11-02-2025,Tuesday,February,Q1,2025,EQ,1264.55,1264.55,1230.1,1253.65,1237.55,1234.85,1244.26,3217.6,1201.5,8859714,11023757523,240683,2,Reliance
10-02-2025,Monday,February,Q1,2025,EQ,1264.5,1266.5,1245.55,1266.7,1254.65,1253.65,1251.52,3217.6,1201.5,6970972,8724286361,173316,2,Reliance
07-02-2025,Friday,February,Q1,2025,EQ,1276.15,1283.7,1262,1281.55,1266.5,1266.7,1270.98,3217.6,1201.5,8764283,11139240963,174531,2,Reliance
06-02-2025,Thursday,February,Q1,2025,EQ,1273.7,1288,1270.35,1278.2,1283,1281.55,1279.27,3217.6,1201.5,9956001,12736385821,217888,2,Reliance
05-02-2025,Wednesday,February,Q1,2025,EQ,1282.65,1290.5,1276.7,1285.2,1278.5,1278.2,1281.97,3217.6,1201.5,10112028,12963336513,219550,2,Reliance
04-02-2025,Tuesday,February,Q1,2025,EQ,1248.05,1288.8,1246.6,1245.9,1282.9,1285.2,1273.65,3217.6,1201.5,16691069,21258496965,323415,2,Reliance
03-02-2025,Monday,February,Q1,2025,EQ,1251,1256,1237.55,1264.6,1247,1245.9,1247.14,3217.6,1201.5,9252345,11538963041,268425,2,Reliance
01-02-2025,Saturday,February,Q1,2025,EQ,1265.1,1270.55,1241,1265.1,1264,1264.6,1260.42,3217.6,1201.5,7118453,8972248877,143258,2,Reliance
31-01-2025,Friday,January,Q1,2025,EQ,1255.85,1267,1249,1253.05,1266,1265.1,1261.32,3217.6,1201.5,6584612,8305291978,169481,1,Reliance
30-01-2025,Thursday,January,Q1,2025,EQ,1235.55,1257,1232.4,1235.5,1253.15,1253.05,1249.15,3217.6,1201.5,9269259,11578693153,227871,1,Reliance
29-01-2025,Wednesday,January,Q1,2025,EQ,1236,1242.75,1228.05,1234.4,1237.25,1235.5,1236.66,3217.6,1201.5,5928156,7331119896,167073,1,Reliance
28-01-2025,Tuesday,January,Q1,2025,EQ,1238,1244.75,1218.5,1229.35,1235,1234.4,1232.65,3217.6,1201.5,10568025,13026673067,286863,1,Reliance
27-01-2025,Monday,January,Q1,2025,EQ,1239.1,1240.45,1220,1246.3,1229,1229.35,1229.35,3217.6,1201.5,9536019,11723127884,368025,1,Reliance
24-01-2025,Friday,January,Q1,2025,EQ,1266,1273,1243.5,1263.65,1244.45,1246.3,1252.27,3217.6,1201.5,14235970,17827272395,263461,1,Reliance
23-01-2025,Thursday,January,Q1,2025,EQ,1270,1277.35,1261.6,1277.1,1264.9,1263.65,1267.52,3217.6,1201.5,8720682,11053624693,188421,1,Reliance
22-01-2025,Wednesday,January,Q1,2025,EQ,1278.3,1282.9,1268.7,1273.7,1278,1277.1,1276.09,3217.6,1201.5,10273590,13110004095,239816,1,Reliance
21-01-2025,Tuesday,January,Q1,2025,EQ,1310.5,1313,1270.2,1305.45,1277.6,1273.7,1284.79,3217.6,1201.5,14562976,18710366859,325783,1,Reliance
20-01-2025,Monday,January,Q1,2025,EQ,1316,1316,1300.25,1302.35,1304,1305.45,1307.82,3217.6,1201.5,14040244,18362047247,280553,1,Reliance
17-01-2025,Friday,January,Q1,2025,EQ,1322.25,1326,1285,1266.45,1300,1302.35,1300.8,3217.6,1201.5,29366277,38199728794,594018,1,Reliance
16-01-2025,Thursday,January,Q1,2025,EQ,1258.9,1275,1251.3,1252.2,1275,1266.45,1262.86,3217.6,1201.5,14117603,17828486686,207451,1,Reliance
15-01-2025,Wednesday,January,Q1,2025,EQ,1244.95,1257,1241.85,1238.75,1252,1252.2,1250.11,3217.6,1201.5,9578856,11974600753,220174,1,Reliance
14-01-2025,Tuesday,January,Q1,2025,EQ,1244.1,1253.35,1227.25,1239.85,1239,1238.75,1236.46,3217.6,1201.5,13095266,16191765836,278977,1,Reliance
13-01-2025,Monday,January,Q1,2025,EQ,1230,1245.25,1226.4,1241.9,1240.75,1239.85,1238.1,3217.6,1201.5,13764861,17042274860,398257,1,Reliance
10-01-2025,Friday,January,Q1,2025,EQ,1253.85,1256.75,1236,1254.75,1245.55,1241.9,1245.97,3217.6,1201.5,8120332,10117685548,340024,1,Reliance
09-01-2025,Thursday,January,Q1,2025,EQ,1267,1269.75,1248.05,1265.5,1256.8,1254.75,1257.46,3217.6,1201.5,12794704,16088882554,390501,1,Reliance
08-01-2025,Wednesday,January,Q1,2025,EQ,1249,1271.05,1245.35,1240.85,1261.35,1265.5,1263.24,3217.6,1201.5,19346579,24439345121,531488,1,Reliance
07-01-2025,Tuesday,January,Q1,2025,EQ,1222,1244.5,1221.25,1218,1239.95,1240.85,1237.63,3217.6,1201.5,10070505,12463597633,216620,1,Reliance
06-01-2025,Monday,January,Q1,2025,EQ,1253.95,1262,1215,1251.15,1216.25,1218,1235.67,3217.6,1201.5,14816766,18308652264,317843,1,Reliance
03-01-2025,Friday,January,Q1,2025,EQ,1243.9,1262.05,1235.5,1241.8,1249.85,1251.15,1250.34,3217.6,1201.5,15521102,19406715599,277290,1,Reliance
02-01-2025,Thursday,January,Q1,2025,EQ,1221.25,1244.45,1220,1221.25,1240.55,1241.8,1234.32,3217.6,1201.5,15486276,19115027208,271108,1,Reliance
01-01-2025,Wednesday,January,Q1,2025,EQ,1214.85,1226.3,1211.6,1215.45,1222.75,1221.25,1221.01,3217.6,1201.5,5892590,7194899836,138528,1,Reliance
31-12-2024,Tuesday,December,Q4,2024,EQ,1208,1219.1,1206.15,1210.7,1216.4,1215.45,1213.08,3217.6,1201.5,6405475,7770338354,180916,12,Reliance
30-12-2024,Monday,December,Q4,2024,EQ,1216.4,1223.2,1208.1,1221.05,1211.5,1210.7,1214.71,3217.6,1201.5,8818766,10712229378,308317,12,Reliance
27-12-2024,Friday,December,Q4,2024,EQ,1218.3,1227.9,1217,1216.55,1221.5,1221.05,1223.2,3217.6,1201.5,7000397,8562895530,174882,12,Reliance
26-12-2024,Thursday,December,Q4,2024,EQ,1224.25,1227.7,1214.25,1222.75,1217,1216.55,1219.74,3217.6,1201.5,10016178,12217176987,256436,12,Reliance
24-12-2024,Tuesday,December,Q4,2024,EQ,1222.3,1233.55,1221,1222.3,1224.2,1222.75,1227.14,3217.6,1201.5,6734917,8264675853,207746,12,Reliance
23-12-2024,Monday,December,Q4,2024,EQ,1215,1227.2,1213.2,1205.3,1223.85,1222.3,1219.77,3217.6,1201.5,10052824,12262091651,258756,12,Reliance
20-12-2024,Friday,December,Q4,2024,EQ,1224,1239.5,1201.5,1230.45,1206,1205.3,1215.95,3217.6,1201.5,20312896,24699497248,499900,12,Reliance
19-12-2024,Thursday,December,Q4,2024,EQ,1239,1244.9,1229,1253.25,1230.5,1230.45,1235.73,3217.6,1217.25,14244653,17602540036,503893,12,Reliance
18-12-2024,Wednesday,December,Q4,2024,EQ,1240.65,1259.95,1240.65,1245.3,1254.35,1253.25,1252.58,3217.6,1217.25,12670179,15870398087,266155,12,Reliance
17-12-2024,Tuesday,December,Q4,2024,EQ,1261.05,1263.9,1242.8,1268.3,1244.7,1245.3,1249.22,3217.6,1217.25,17462791,21814794517,481698,12,Reliance
16-12-2024,Monday,December,Q4,2024,EQ,1275,1281,1266.55,1272.85,1268.4,1268.3,1271.94,3217.6,1217.25,9486781,12066629924,224571,12,Reliance
13-12-2024,Friday,December,Q4,2024,EQ,1260,1275.2,1239.6,1262.9,1274.45,1272.85,1257.5,3217.6,1217.25,28630222,36002621429,482467,12,Reliance
12-12-2024,Thursday,December,Q4,2024,EQ,1270,1278.2,1260.6,1278.2,1261.3,1262.9,1265.58,3217.6,1217.25,20906813,26459166489,363205,12,Reliance
11-12-2024,Wednesday,December,Q4,2024,EQ,1285,1290,1276.05,1284.85,1279,1278.2,1282.33,3217.6,1217.25,11724373,15034457833,272365,12,Reliance
10-12-2024,Tuesday,December,Q4,2024,EQ,1289.25,1294.9,1280.2,1295.15,1285.95,1284.85,1286.46,3217.6,1217.25,16043729,20639594557,456341,12,Reliance
09-12-2024,Monday,December,Q4,2024,EQ,1303,1315,1293.1,1311.55,1296.4,1295.15,1304.1,3217.6,1217.25,14650002,19105110925,202850,12,Reliance
06-12-2024,Friday,December,Q4,2024,EQ,1323.9,1323.9,1310,1322.05,1311.6,1311.55,1314.49,3217.6,1217.25,9037514,11879701934,193736,12,Reliance
05-12-2024,Thursday,December,Q4,2024,EQ,1314.35,1329.95,1306.15,1308.95,1320.9,1322.05,1319.78,3217.6,1217.25,16858723,22249886630,309667,12,Reliance
04-12-2024,Wednesday,December,Q4,2024,EQ,1326,1328.4,1304.05,1323.3,1309.5,1308.95,1310.74,3217.6,1217.25,19608540,25701743569,250873,12,Reliance
03-12-2024,Tuesday,December,Q4,2024,EQ,1317,1326.8,1307,1309.15,1325.05,1323.3,1320.68,3217.6,1217.25,16869482,22279247258,349204,12,Reliance
02-12-2024,Monday,December,Q4,2024,EQ,1288,1311.35,1277.05,1292.2,1310.6,1309.15,1298.6,3217.6,1217.25,11024152,14315972963,272825,12,Reliance
29-11-2024,Friday,November,Q4,2024,EQ,1280,1299.5,1275.25,1270.8,1291.5,1292.2,1290.83,3217.6,1217.25,13202307,17041975592,280529,11,Reliance
28-11-2024,Thursday,November,Q4,2024,EQ,1289.95,1296.6,1269.05,1293.2,1272.75,1270.8,1280.74,3217.6,1217.25,15027412,19246153609,311959,11,Reliance
27-11-2024,Wednesday,November,Q4,2024,EQ,1293.5,1303.85,1286,1295.7,1293.4,1293.2,1293.84,3217.6,1217.25,9572746,12385614506,196614,11,Reliance
26-11-2024,Tuesday,November,Q4,2024,EQ,1294.95,1297.85,1284.2,1287,1295.6,1295.7,1292.03,3217.6,1217.25,9247557,11948133608,218738,11,Reliance
25-11-2024,Monday,November,Q4,2024,EQ,1290,1304.45,1282.45,1265.4,1290.95,1287,1291.52,3217.6,1217.25,28923341,37355089803,390544,11,Reliance
22-11-2024,Friday,November,Q4,2024,EQ,1229.4,1268.85,1222.45,1223,1264,1265.4,1247.09,3217.6,1217.25,20471957,25530460769,323219,11,Reliance
21-11-2024,Thursday,November,Q4,2024,EQ,1241.65,1243.95,1217.25,1241.65,1220.45,1223,1224.92,3217.6,1217.25,19433843,23804902095,553410,11,Reliance
19-11-2024,Tuesday,November,Q4,2024,EQ,1260.75,1281.5,1235.15,1260.75,1237.4,1241.65,1265.5,3217.6,1235.15,14183746,17949463404,355649,11,Reliance
18-11-2024,Monday,November,Q4,2024,EQ,1267.6,1272.9,1243.9,1267.6,1259.15,1260.75,1258.64,3217.6,1243.9,13620611,17143501436,301906,11,Reliance
14-11-2024,Thursday,November,Q4,2024,EQ,1253.6,1272.6,1251.1,1252.05,1266.9,1267.6,1263.73,3217.6,1249.5,12612633,15938929093,301253,11,Reliance
13-11-2024,Wednesday,November,Q4,2024,EQ,1270.25,1275.45,1249.5,1274.25,1252.7,1252.05,1258.62,3217.6,1249.5,14633633,18418208536,469215,11,Reliance
12-11-2024,Tuesday,November,Q4,2024,EQ,1275.55,1289.3,1267.5,1272.7,1269.5,1274.25,1277.82,3217.6,1267,10671091,13635694812,299780,11,Reliance
11-11-2024,Monday,November,Q4,2024,EQ,1278.95,1286,1267,1283.75,1273.4,1272.7,1275.44,3217.6,1267,9056552,11551068873,286019,11,Reliance
08-11-2024,Friday,November,Q4,2024,EQ,1297.65,1301.65,1275,1305.65,1280.2,1283.75,1284.01,3217.6,1275,19814406,25441900936,477001,11,Reliance
07-11-2024,Thursday,November,Q4,2024,EQ,1324,1324,1302.6,1325.35,1305,1305.65,1308.97,3217.6,1285.1,9611974,12581800339,261277,11,Reliance
06-11-2024,Wednesday,November,Q4,2024,EQ,1310,1328.3,1300.2,1305.3,1326,1325.35,1315.57,3217.6,1285.1,21625209,28449504045,349627,11,Reliance
05-11-2024,Tuesday,November,Q4,2024,EQ,1293,1309.55,1286.15,1302.15,1307.5,1305.3,1297.87,3217.6,1285.1,16267479,21113119456,371758,11,Reliance
04-11-2024,Monday,November,Q4,2024,EQ,1337.85,1340,1285.1,1338.65,1298.5,1302.15,1301.44,3217.6,1285.1,19796890,25764450097,554958,11,Reliance
01-11-2024,Friday,November,Q4,2024,EQ,1333.05,1341.95,1333,1332.05,1338.4,1338.65,1338.89,3217.6,1320.3,2127335,2848264120,127374,11,Reliance
31-10-2024,Thursday,October,Q4,2024,EQ,1340,1343,1326.15,1343.9,1332,1332.05,1334.14,3217.6,1320.3,9331650,12449744607,414741,10,Reliance
30-10-2024,Wednesday,October,Q4,2024,EQ,1335,1350,1325.35,1340,1344.85,1343.9,1341.16,3217.6,1320.3,11984423,16073073274,295954,10,Reliance
29-10-2024,Tuesday,October,Q4,2024,EQ,1328.1,1343.2,1320.3,1334.35,1340,1340,1331.46,3217.6,1320.3,12008361,15988683034,436915,10,Reliance
28-10-2024,Monday,October,Q4,2024,EQ,1337,1353,1322.1,2655.7,1335,1334.35,1337.7,3217.6,1322.1,10824350,14479733719,368817,10,Reliance
25-10-2024,Friday,October,Q4,2024,EQ,2687,2688.7,2644,2679.6,2656.3,2655.7,2659.8,3217.6,2220.3,9298748,24732826126,388238,10,Reliance
24-10-2024,Thursday,October,Q4,2024,EQ,2670.55,2687.4,2646.25,2677.05,2678.9,2679.6,2668.53,3217.6,2220.3,11077967,29561935443,345601,10,Reliance
23-10-2024,Wednesday,October,Q4,2024,EQ,2675,2714.95,2670,2686.7,2682.35,2677.05,2688.32,3217.6,2220.3,8607371,23139346660,337356,10,Reliance
22-10-2024,Tuesday,October,Q4,2024,EQ,2738.4,2752,2680.45,2738.4,2684.15,2686.7,2707.8,3217.6,2220.3,7915980,21434871570,363161,10,Reliance
21-10-2024,Monday,October,Q4,2024,EQ,2734.25,2748,2715.45,2718.6,2736,2738.4,2734.41,3217.6,2220.3,7033704,19233063988,228845,10,Reliance
18-10-2024,Friday,October,Q4,2024,EQ,2704.35,2736.85,2682.65,2712.85,2717,2718.6,2713.87,3217.6,2220.3,6041226,16395116699,295032,10,Reliance
17-10-2024,Thursday,October,Q4,2024,EQ,2731.4,2736.9,2704.1,2708.15,2713.3,2712.85,2718.84,3217.6,2220.3,7771830,21130392927,383984,10,Reliance
16-10-2024,Wednesday,October,Q4,2024,EQ,2680,2728,2675.25,2688.05,2709.4,2708.15,2696.84,3217.6,2220.3,10017219,27014852678,356705,10,Reliance
15-10-2024,Tuesday,October,Q4,2024,EQ,2717.05,2743.4,2681.4,2745.05,2688.6,2688.05,2708.71,3217.6,2220.3,16881397,45726823453,602869,10,Reliance
14-10-2024,Monday,October,Q4,2024,EQ,2758.9,2760.15,2736.5,2744.2,2745.5,2745.05,2746.12,3217.6,2220.3,6110716,16780732590,233903,10,Reliance
11-10-2024,Friday,October,Q4,2024,EQ,2740,2766.55,2737.65,2742.1,2749,2744.2,2751.19,3217.6,2220.3,3990061,10977431924,197702,10,Reliance
10-10-2024,Thursday,October,Q4,2024,EQ,2760.05,2772,2738.85,2749.2,2742.5,2742.1,2749.69,3217.6,2220.3,11179323,30739675825,364305,10,Reliance
09-10-2024,Wednesday,October,Q4,2024,EQ,2795.05,2801.95,2745,2794.7,2748,2749.2,2773.49,3217.6,2220.3,7155305,19845168138,358324,10,Reliance
08-10-2024,Tuesday,October,Q4,2024,EQ,2745.95,2802,2730.2,2741.45,2798.95,2794.7,2768.6,3217.6,2220.3,8510404,23561905588,358981,10,Reliance
07-10-2024,Monday,October,Q4,2024,EQ,2787,2793,2722.75,2773.05,2740.7,2741.45,2750.92,3217.6,2220.3,11090670,30509518408,423167,10,Reliance
04-10-2024,Friday,October,Q4,2024,EQ,2807.85,2834.7,2763.55,2813.95,2771.5,2773.05,2796.15,3217.6,2220.3,18536438,51830708671,534690,10,Reliance
03-10-2024,Thursday,October,Q4,2024,EQ,2873.15,2898.8,2804.15,2929.65,2813.95,2813.95,2846.93,3217.6,2220.3,18878647,53746234226,689559,10,Reliance
01-10-2024,Tuesday,October,Q4,2024,EQ,2961.3,2975.9,2925.65,2953.15,2927,2929.65,2938.6,3217.6,2220.3,8215821,24142992537,330546,10,Reliance
30-09-2024,Monday,September,Q3,2024,EQ,3038.8,3049.95,2948.8,3052.35,2958,2953.15,2977.44,3217.6,2220.3,13504407,40208625079,431656,9,Reliance
27-09-2024,Friday,September,Q3,2024,EQ,2998,3066.95,2984,2995.9,3047.05,3052.35,3024.87,3217.6,2220.3,10298739,31152328126,328612,9,Reliance
26-09-2024,Thursday,September,Q3,2024,EQ,2981.3,3008,2976.1,2987.9,3008,2995.9,2994.82,3217.6,2220.3,9409499,28179760605,259792,9,Reliance
25-09-2024,Wednesday,September,Q3,2024,EQ,2967.8,2993,2960.4,2978.75,2988.05,2987.9,2976.46,3217.6,2220.3,3534501,10520289097,154120,9,Reliance
24-09-2024,Tuesday,September,Q3,2024,EQ,2977,3001,2975.75,2986.75,2980.5,2978.75,2986.14,3217.6,2220.3,8568722,25587444695,201586,9,Reliance
23-09-2024,Monday,September,Q3,2024,EQ,2982,3003,2977.9,2971.85,2985,2986.75,2990.93,3217.6,2220.3,4416157,13208420985,146805,9,Reliance
20-09-2024,Friday,September,Q3,2024,EQ,2948,2990,2942.75,2939.35,2972.1,2971.85,2970.54,3217.6,2220.3,15448660,45890894256,379677,9,Reliance
19-09-2024,Thursday,September,Q3,2024,EQ,2932.5,2953,2911.1,2926.9,2940,2939.35,2934.14,3217.6,2220.3,8477951,24875502062,259931,9,Reliance
18-09-2024,Wednesday,September,Q3,2024,EQ,2940,2964,2921.1,2944.6,2923,2926.9,2939.96,3217.6,2220.3,4287357,12604650689,179852,9,Reliance
17-09-2024,Tuesday,September,Q3,2024,EQ,2948,2954.95,2933.25,2942.7,2945,2944.6,2943.09,3217.6,2220.3,2967664,8734102750,148458,9,Reliance
16-09-2024,Monday,September,Q3,2024,EQ,2955.1,2961.8,2929.5,2945.25,2944.35,2942.7,2944.45,3217.6,2220.3,2740887,8070408900,127429,9,Reliance
13-09-2024,Friday,September,Q3,2024,EQ,2952.8,2966.3,2939,2959.6,2946.5,2945.25,2951.65,3217.6,2220.3,4355664,12856398758,133244,9,Reliance
12-09-2024,Thursday,September,Q3,2024,EQ,2914,2972,2891.75,2903,2953,2959.6,2930.24,3217.6,2220.3,11174688,32744474467,365694,9,Reliance
11-09-2024,Wednesday,September,Q3,2024,EQ,2926.1,2937.5,2895.1,2923.05,2904.45,2903,2917.1,3217.6,2220.3,4880101,14235732813,254431,9,Reliance
10-09-2024,Tuesday,September,Q3,2024,EQ,2921,2944.1,2915.15,2924.9,2924,2923.05,2928.75,3217.6,2220.3,5384130,15768777163,186858,9,Reliance
09-09-2024,Monday,September,Q3,2024,EQ,2933,2939.85,2911.2,2929.65,2927,2924.9,2923.84,3217.6,2220.3,4505149,13172342173,179506,9,Reliance
06-09-2024,Friday,September,Q3,2024,EQ,2985,2994,2923.25,2985.95,2930.95,2929.65,2938.97,3217.6,2220.3,9697114,28499495837,447718,9,Reliance
05-09-2024,Thursday,September,Q3,2024,EQ,3038.1,3051.55,2974.1,3029.1,2991,2985.95,3007.1,3217.6,2220.3,8132084,24453950050,343225,9,Reliance
04-09-2024,Wednesday,September,Q3,2024,EQ,3001.4,3035,2999,3018.25,3031.95,3029.1,3023.3,3217.6,2220.3,5991652,18114582556,252191,9,Reliance
03-09-2024,Tuesday,September,Q3,2024,EQ,3042.5,3046,3015,3032.5,3018.9,3018.25,3026.09,3217.6,2220.3,5461900,16528193207,226578,9,Reliance
02-09-2024,Monday,September,Q3,2024,EQ,3021.75,3053.6,3013.25,3019.25,3034.4,3032.5,3034.1,3217.6,2220.3,5620426,17052933371,280541,9,Reliance
30-08-2024,Friday,August,Q3,2024,EQ,3068,3079.45,3006.65,3041.85,3024.95,3019.25,3026.71,3217.6,2220.3,20810365,62987009676,599570,8,Reliance
29-08-2024,Thursday,August,Q3,2024,EQ,3006.2,3074,2988,2996.6,3042.9,3041.85,3038.57,3217.6,2220.3,19167679,58242337591,570843,8,Reliance
28-08-2024,Wednesday,August,Q3,2024,EQ,3010,3014.95,2986,3000.9,2999,2996.6,2999.57,3217.6,2220.3,4805143,14413356126,200883,8,Reliance
27-08-2024,Tuesday,August,Q3,2024,EQ,3021,3026.95,2998.9,3025.2,3001,3000.9,3008.12,3217.6,2220.3,3125578,9402108149,101024,8,Reliance
26-08-2024,Monday,August,Q3,2024,EQ,3013.95,3046,3006,2999.95,3021.2,3025.2,3028.8,3217.6,2220.3,4408057,13351114538,237540,8,Reliance
23-08-2024,Friday,August,Q3,2024,EQ,3007.5,3022.65,2996.85,2996.25,2996.85,2999.95,3007.21,3217.6,2220.3,4624827,13907842193,168002,8,Reliance
22-08-2024,Thursday,August,Q3,2024,EQ,3006,3013,2981.3,2997.35,2996.5,2996.25,2994.88,3217.6,2220.3,5222891,15641935953,233216,8,Reliance
21-08-2024,Wednesday,August,Q3,2024,EQ,2986.5,3015.75,2980,2991.9,2999,2997.35,3001.42,3217.6,2220.3,3884998,11660526039,141353,8,Reliance
20-08-2024,Tuesday,August,Q3,2024,EQ,2994.45,3007.85,2980.05,2976.8,2986.5,2991.9,2996.98,3217.6,2220.3,4205904,12605024714,175516,8,Reliance
19-08-2024,Monday,August,Q3,2024,EQ,2965,2996.6,2961,2956.4,2979,2976.8,2980.25,3217.6,2220.3,6898871,20560327725,200328,8,Reliance
16-08-2024,Friday,August,Q3,2024,EQ,2937.3,2960.8,2916.1,2923.7,2957.75,2956.4,2944.77,3217.6,2220.3,4708451,13865325210,187365,8,Reliance
14-08-2024,Wednesday,August,Q3,2024,EQ,2927.1,2944,2907.4,2927.25,2920.1,2923.7,2925.78,3217.6,2220.3,3133733,9168616381,185733,8,Reliance
13-08-2024,Tuesday,August,Q3,2024,EQ,2921.5,2940.15,2916,2921.25,2925,2927.25,2928.29,3217.6,2220.3,3132532,9172971803,134517,8,Reliance
12-08-2024,Monday,August,Q3,2024,EQ,2940,2946,2915.5,2948.6,2923,2921.25,2929.82,3217.6,2220.3,4092292,11989680026,188301,8,Reliance
09-08-2024,Friday,August,Q3,2024,EQ,2920,2953,2912,2898.25,2946.1,2948.6,2939.2,3217.6,2220.3,3124888,9184680574,150169,8,Reliance
08-08-2024,Thursday,August,Q3,2024,EQ,2915.05,2930,2891.85,2929.65,2896.45,2898.25,2905.69,3217.6,2220.3,6193596,17996662106,255138,8,Reliance
07-08-2024,Wednesday,August,Q3,2024,EQ,2938,2945,2923,2912.1,2930,2929.65,2930.89,3217.6,2220.3,4087284,11979363871,276362,8,Reliance
06-08-2024,Tuesday,August,Q3,2024,EQ,2910.3,2955,2902.65,2894.65,2915.55,2912.1,2929.53,3217.6,2220.3,5118093,14993589440,197549,8,Reliance
05-08-2024,Monday,August,Q3,2024,EQ,2960,2967.8,2866.5,2998.65,2896,2894.65,2901.81,3217.6,2220.3,8523352,24733128212,448630,8,Reliance
02-08-2024,Friday,August,Q3,2024,EQ,3010,3018.65,2986.55,3030.6,2992,2998.65,3001.82,3217.6,2220.3,5134124,15411692078,176635,8,Reliance
01-08-2024,Thursday,August,Q3,2024,EQ,3024,3036,3008.6,3010.85,3035.9,3030.6,3025.5,3217.6,2220.3,5382111,16283566572,219081,8,Reliance
31-07-2024,Wednesday,July,Q3,2024,EQ,3008,3020.9,3002.3,3026.3,3009,3010.85,3010.83,3217.6,2220.3,5028673,15140471170,201961,7,Reliance
30-07-2024,Tuesday,July,Q3,2024,EQ,3034.05,3050,3020,3040.2,3023,3026.3,3033.38,3217.6,2220.3,4114104,12479637390,184296,7,Reliance
29-07-2024,Monday,July,Q3,2024,EQ,3023.9,3055,3023.55,3018.05,3038.25,3040.2,3038.43,3217.6,2220.3,3769275,11452661155,170155,7,Reliance
26-07-2024,Friday,July,Q3,2024,EQ,2984.8,3024.85,2980.7,2984.8,3018.6,3018.05,3012.08,3217.6,2220.3,4929970,14849480971,180757,7,Reliance
25-07-2024,Thursday,July,Q3,2024,EQ,2962,3000.95,2954.15,2991.4,2988.35,2984.8,2980.72,3217.6,2220.3,6259938,18659122151,221753,7,Reliance
24-07-2024,Wednesday,July,Q3,2024,EQ,2970,3019,2952.8,2975.8,2988,2991.4,2987.68,3217.6,2220.3,5956681,17796651408,232120,7,Reliance
23-07-2024,Tuesday,July,Q3,2024,EQ,3002,3011.5,2926,3001.35,2970.05,2975.8,2969.6,3217.6,2220.3,9026022,26803649946,384359,7,Reliance
22-07-2024,Monday,July,Q3,2024,EQ,3074.5,3075,2998.55,3110.3,3004,3001.35,3016.24,3217.6,2220.3,9837188,29671339998,465224,7,Reliance
19-07-2024,Friday,July,Q3,2024,EQ,3172,3179.95,3105.6,3173.35,3116.95,3110.3,3128.4,3217.6,2220.3,6570195,20554178349,213186,7,Reliance
18-07-2024,Thursday,July,Q3,2024,EQ,3152,3187.8,3115.65,3152.5,3170.6,3173.35,3155.52,3217.6,2220.3,6149187,19403909511,212178,7,Reliance
16-07-2024,Tuesday,July,Q3,2024,EQ,3187,3200,3138.25,3194.45,3148.3,3152.5,3166.04,3217.6,2220.3,4693419,14859548266,230262,7,Reliance
15-07-2024,Monday,July,Q3,2024,EQ,3208.9,3211.7,3171,3193.45,3193.6,3194.45,3191.4,3217.6,2220.3,2664844,8504591755,187867,7,Reliance
14-07-2024,Sunday,July,Q3,2024,EQ,2332,2341,2321.75,2323.8,2333.75,2335.9,2335.8,2630.95,2220.3,3942247,9208287625,150160,7,Reliance
13-07-2024,Saturday,July,Q3,2024,EQ,2334.05,2339.1,2319.55,2339,2323.1,2323.8,2328.29,2630.95,2220.3,3480102,8102678736,164587,7,Reliance
12-07-2024,Friday,July,Q3,2024,EQ,3169,3210.3,3149,3161.3,3195,3193.45,3186.07,3217.6,2220.3,6462392,20589634191,246838,7,Reliance
11-07-2024,Thursday,July,Q3,2024,EQ,3175,3208.5,3141,3168.45,3170,3161.3,3169.61,3217.6,2220.3,5970473,18924071475,246252,7,Reliance
10-07-2024,Wednesday,July,Q3,2024,EQ,3190,3195,3126.3,3180.55,3164,3168.45,3154.77,3217.6,2220.3,3567289,11253968347,182113,7,Reliance
09-07-2024,Tuesday,July,Q3,2024,EQ,3195.2,3201,3161,3201.8,3176.3,3180.55,3178.56,3217.6,2220.3,3480001,11061403125,159638,7,Reliance
08-07-2024,Monday,July,Q3,2024,EQ,3178,3217.6,3165.05,3177.25,3201.5,3201.8,3195.83,3217.6,2220.3,4750403,15181479273,240527,7,Reliance
05-07-2024,Friday,July,Q3,2024,EQ,3107.65,3197,3096,3108.05,3189.9,3177.25,3149.82,3197,2220.3,6134855,19323716028,261494,7,Reliance
04-07-2024,Thursday,July,Q3,2024,EQ,3114,3135,3101.6,3104.85,3106,3108.05,3116.99,3162,2220.3,3418588,10655715706,173336,7,Reliance
03-07-2024,Wednesday,July,Q3,2024,EQ,3132.65,3150,3085.55,3130.35,3109,3104.85,3104.97,3162,2220.3,4524810,14049406823,185754,7,Reliance
02-07-2024,Tuesday,July,Q3,2024,EQ,3139,3147,3114,3120.3,3126.2,3130.35,3129.71,3162,2220.3,3874623,12126429929,179115,7,Reliance
01-07-2024,Monday,July,Q3,2024,EQ,3125.05,3158.8,3111.35,3130.8,3123,3120.3,3126.53,3162,2220.3,3862153,12075137299,186641,7,Reliance
28-06-2024,Friday,June,Q2,2024,EQ,3062.05,3162,3062.05,3061.1,3128.25,3130.8,3120.51,3162,2220.3,14478668,45180850345,484009,6,Reliance
27-06-2024,Thursday,June,Q2,2024,EQ,3027.5,3075,3012,3028.05,3057.1,3061.1,3056.99,3075,2220.3,14191515,43383260604,437882,6,Reliance
26-06-2024,Wednesday,June,Q2,2024,EQ,2892.1,3037.95,2890.25,2908.3,3021.1,3028.05,2984.44,3037.95,2220.3,11007441,32850999299,355204,6,Reliance
25-06-2024,Tuesday,June,Q2,2024,EQ,2886,2911.85,2882,2882.95,2905.05,2908.3,2897.19,3029,2220.3,3522693,10205907632,143772,6,Reliance
24-06-2024,Monday,June,Q2,2024,EQ,2891.05,2899,2875,2908.4,2885,2882.95,2885.46,3029,2220.3,4439193,12809105424,204050,6,Reliance
21-06-2024,Friday,June,Q2,2024,EQ,2947.25,2949.4,2881.15,2947.4,2912,2908.4,2909.13,3029,2220.3,15585180,45339357875,338377,6,Reliance
20-06-2024,Thursday,June,Q2,2024,EQ,2918,2965.7,2900.2,2917.3,2949,2947.4,2945.61,3029,2220.3,8056888,23732484115,219372,6,Reliance
19-06-2024,Wednesday,June,Q2,2024,EQ,2975,2975,2912,2962.05,2917,2917.3,2935.27,3029,2220.3,4362937,12806397074,181800,6,Reliance
18-06-2024,Tuesday,June,Q2,2024,EQ,2974.7,2974.8,2942.7,2955.1,2959.9,2962.05,2956.95,3029,2220.3,3598383,10640238520,228749,6,Reliance
14-06-2024,Friday,June,Q2,2024,EQ,2940,2959.35,2914.45,2930.5,2951.45,2955.1,2944.28,3029,2220.3,4078999,12009735004,150934,6,Reliance
13-06-2024,Thursday,June,Q2,2024,EQ,2944,2944.5,2920.2,2926.65,2927.6,2930.5,2932.52,3029,2220.3,4590580,13461977300,150823,6,Reliance
12-06-2024,Wednesday,June,Q2,2024,EQ,2915,2952,2910.35,2913.35,2924.5,2926.65,2933.93,3029,2220.3,5040871,14789562953,194907,6,Reliance
11-06-2024,Tuesday,June,Q2,2024,EQ,2938,2947.35,2909.35,2942.8,2915.05,2913.35,2927.47,3029,2220.3,5887451,17235309310,210257,6,Reliance
10-06-2024,Monday,June,Q2,2024,EQ,2939.9,2986.7,2936.15,2939.9,2944.05,2942.8,2961.63,3029,2220.3,4625880,13700144471,213285,6,Reliance
07-06-2024,Friday,June,Q2,2024,EQ,2857,2944,2853,2863.2,2931.1,2939.9,2917.34,3029,2220.3,9279348,27071000142,344744,6,Reliance
06-06-2024,Thursday,June,Q2,2024,EQ,2870,2887.4,2842.7,2841.5,2872,2863.2,2860.47,3029,2220.3,8927861,25537885916,361277,6,Reliance
05-06-2024,Wednesday,June,Q2,2024,EQ,2844,2862.3,2768.2,2794.55,2838.85,2841.5,2821.32,3029,2220.3,8732445,24637003698,474290,6,Reliance
04-06-2024,Tuesday,June,Q2,2024,EQ,2996.1,2996.1,2718.6,3020.65,2816.45,2794.55,2840.81,3029,2220.3,18354549,52141856367,687198,6,Reliance
03-06-2024,Monday,June,Q2,2024,EQ,2966,3029,2918,2860.8,3027.75,3020.65,2978.07,3029,2220.3,10763971,32055904968,527552,6,Reliance
31-05-2024,Friday,May,Q2,2024,EQ,2862.6,2884.5,2844.5,2849.7,2859,2860.8,2859.97,3024.9,2220.3,15534916,44429352174,291018,5,Reliance
30-05-2024,Thursday,May,Q2,2024,EQ,2871,2880.8,2840.2,2881.55,2859.1,2849.7,2853.56,3024.9,2220.3,6603429,18843310310,248791,5,Reliance
29-05-2024,Wednesday,May,Q2,2024,EQ,2893,2916,2876.9,2912.4,2881.05,2881.55,2892.28,3024.9,2220.3,3691778,10677649559,166778,5,Reliance
28-05-2024,Tuesday,May,Q2,2024,EQ,2936,2957,2905.5,2932.5,2911,2912.4,2930.7,3024.9,2220.3,3910081,11459272720,177899,5,Reliance
27-05-2024,Monday,May,Q2,2024,EQ,2960.45,2969.8,2923.1,2960.5,2934.9,2932.5,2944.31,3024.9,2220.3,3314505,9758927331,142936,5,Reliance
24-05-2024,Friday,May,Q2,2024,EQ,2967.25,2977,2952.2,2972.1,2959,2960.5,2962.79,3024.9,2220.3,3547388,10510170789,142807,5,Reliance
23-05-2024,Thursday,May,Q2,2024,EQ,2917.1,2984.45,2910,2921.3,2969,2972.1,2956.98,3024.9,2220.3,7304130,21598131627,254418,5,Reliance
22-05-2024,Wednesday,May,Q2,2024,EQ,2872.55,2937.55,2872.55,2872.25,2921,2921.3,2918.56,3024.9,2220.3,5140802,15003755080,241909,5,Reliance
21-05-2024,Tuesday,May,Q2,2024,EQ,2851.2,2883.65,2851.2,2869.65,2867.95,2872.25,2867.19,3024.9,2220.3,5588064,16022037766,303596,5,Reliance
18-05-2024,Saturday,May,Q2,2024,EQ,2875,2879,2865.4,2871.4,2869.5,2869.65,2871.38,3024.9,2220.3,213020,611660842,9456,5,Reliance
17-05-2024,Friday,May,Q2,2024,EQ,2846.1,2874.4,2826.5,2850.7,2870.1,2871.4,2859.68,3024.9,2220.3,5458238,15608799278,200677,5,Reliance
16-05-2024,Thursday,May,Q2,2024,EQ,2837.1,2855,2796.05,2832.55,2851,2850.7,2830.3,3024.9,2220.3,7355887,20819370914,359411,5,Reliance
15-05-2024,Wednesday,May,Q2,2024,EQ,2841,2859.95,2826.05,2840.15,2831.7,2832.55,2841.94,3024.9,2220.3,2523267,7170975946,147326,5,Reliance
14-05-2024,Tuesday,May,Q2,2024,EQ,2801.95,2854.15,2800.05,2805.4,2839,2840.15,2834.55,3024.9,2220.3,3594150,10187793904,248782,5,Reliance
13-05-2024,Monday,May,Q2,2024,EQ,2799.8,2813.95,2768,2814.85,2805,2805.4,2795.26,3024.9,2220.3,4228310,11819208708,200542,5,Reliance
10-05-2024,Friday,May,Q2,2024,EQ,2793.5,2820,2776.15,2788.25,2808,2814.85,2800.8,3024.9,2220.3,5252548,14711341391,238752,5,Reliance
09-05-2024,Thursday,May,Q2,2024,EQ,2826,2847.5,2780,2837.1,2785,2788.25,2800.69,3024.9,2220.3,5504806,15417256017,280459,5,Reliance
08-05-2024,Wednesday,May,Q2,2024,EQ,2795,2865.9,2795,2802.95,2834.25,2837.1,2834.7,3024.9,2220.3,4719501,13378380315,191054,5,Reliance
07-05-2024,Tuesday,May,Q2,2024,EQ,2831.95,2841.5,2784,2839.05,2808,2802.95,2804.43,3024.9,2220.3,7258736,20356596310,308242,5,Reliance
06-05-2024,Monday,May,Q2,2024,EQ,2871,2880,2836,2868,2843.4,2839.05,2851.8,3024.9,2220.3,3697104,10543411394,168077,5,Reliance
03-05-2024,Friday,May,Q2,2024,EQ,2942,2949.9,2832.3,2933.1,2871,2868,2876.27,3024.9,2220.3,8613479,24774710140,358280,5,Reliance
02-05-2024,Thursday,May,Q2,2024,EQ,2944,2954.65,2928.25,2934,2938.1,2933.1,2941.23,3024.9,2220.3,7256323,21342518419,306721,5,Reliance
30-04-2024,Tuesday,April,Q2,2024,EQ,2936,2966.15,2925.75,2930.05,2932,2934,2947.6,3024.9,2220.3,5737131,16910777825,210901,4,Reliance
29-04-2024,Monday,April,Q2,2024,EQ,2900,2935.8,2900,2905.1,2927.5,2930.05,2926.58,3024.9,2220.3,3623987,10605875231,158806,4,Reliance
26-04-2024,Friday,April,Q2,2024,EQ,2927.9,2930,2900,2919.95,2908.5,2905.1,2911.85,3024.9,2220.3,4706924,13705873643,208164,4,Reliance
25-04-2024,Thursday,April,Q2,2024,EQ,2885,2935.95,2883,2900.35,2917.7,2919.95,2914.62,3024.9,2220.3,7971963,23235272655,236911,4,Reliance
24-04-2024,Wednesday,April,Q2,2024,EQ,2927,2937.1,2899,2918.65,2901.45,2900.35,2917.88,3024.9,2220.3,5231388,15264581699,186848,4,Reliance
23-04-2024,Tuesday,April,Q2,2024,EQ,2958,2987,2911.1,2959.7,2919.5,2918.65,2944.51,3024.9,2220.3,7302777,21503128837,339439,4,Reliance
22-04-2024,Monday,April,Q2,2024,EQ,2944.9,2965.65,2935.6,2940.25,2962.9,2959.7,2950.88,3024.9,2220.3,5175181,15271348794,163758,4,Reliance
19-04-2024,Friday,April,Q2,2024,EQ,2913.55,2948,2886.05,2928.65,2943.05,2940.25,2922.72,3024.9,2220.3,7870889,23004385019,257506,4,Reliance
18-04-2024,Thursday,April,Q2,2024,EQ,2927,2972,2918.7,2931.5,2925,2928.65,2940.33,3024.9,2220.3,9502846,27941531144,292105,4,Reliance
16-04-2024,Tuesday,April,Q2,2024,EQ,2906.7,2942.35,2901.85,2929.65,2936.5,2931.5,2922.76,3024.9,2220.3,4683092,13687564159,202013,4,Reliance
15-04-2024,Monday,April,Q2,2024,EQ,2922,2964.25,2892.65,2934.3,2931,2929.65,2937.49,3024.9,2220.3,6451031,18949808687,278625,4,Reliance
12-04-2024,Friday,April,Q2,2024,EQ,2951.75,2972.95,2926.15,2959.15,2937.15,2934.3,2950.89,3024.9,2220.3,7775506,22944647361,318190,4,Reliance
10-04-2024,Wednesday,April,Q2,2024,EQ,2932.7,2974,2932.7,2927.3,2955,2959.15,2956.51,3024.9,2220.3,4569165,13508781489,247782,4,Reliance
09-04-2024,Tuesday,April,Q2,2024,EQ,2978,2979.6,2925,2971.95,2931.9,2927.3,2942.09,3024.9,2220.3,3535707,10402378582,166238,4,Reliance
08-04-2024,Monday,April,Q2,2024,EQ,2925.95,2981.95,2922,2920.2,2970,2971.95,2967.76,3024.9,2220.3,4178559,12400963622,144054,4,Reliance
05-04-2024,Friday,April,Q2,2024,EQ,2921.75,2941.6,2912,2925.85,2925.95,2920.2,2924.97,3024.9,2220.3,3721149,10884250028,138742,4,Reliance
04-04-2024,Thursday,April,Q2,2024,EQ,2959.5,2959.5,2900,2943.2,2931,2925.85,2924.41,3024.9,2220.3,7245136,21187769930,305593,4,Reliance
03-04-2024,Wednesday,April,Q2,2024,EQ,2964.15,2968.9,2937.8,2973.9,2944.95,2943.2,2950.91,3024.9,2220.3,3504146,10340431852,152022,4,Reliance
02-04-2024,Tuesday,April,Q2,2024,EQ,2968,2988,2950,2969.55,2977,2973.9,2964.64,3024.9,2220.3,4455083,13207726108,144866,4,Reliance
01-04-2024,Monday,April,Q2,2024,EQ,2984.95,2987.95,2965,2971.7,2974.8,2969.55,2973.78,3024.9,2220.3,2506940,7455079986,128873,4,Reliance
28-03-2024,Thursday,March,Q1,2024,EQ,2985.75,3011.9,2957.3,2985.7,2970.3,2971.7,2988.81,3024.9,2220.3,10927182,32659243942,289271,3,Reliance
27-03-2024,Wednesday,March,Q1,2024,EQ,2896,3000,2894,2883.15,2983.75,2985.7,2972.19,3024.9,2220.3,8163322,24262983466,299800,3,Reliance
26-03-2024,Tuesday,March,Q1,2024,EQ,2890,2904.8,2878,2910.05,2886.7,2883.15,2887.28,3024.9,2220.3,5707953,16480430505,174805,3,Reliance
22-03-2024,Friday,March,Q1,2024,EQ,2899.95,2920,2894.7,2901.95,2906.55,2910.05,2909.59,3024.9,2220.3,9763804,28408677998,286746,3,Reliance
21-03-2024,Thursday,March,Q1,2024,EQ,2905.05,2915.8,2889.35,2887.5,2900.05,2901.95,2903.52,3024.9,2220.3,6503468,18882974161,244846,3,Reliance
20-03-2024,Wednesday,March,Q1,2024,EQ,2855.9,2890,2848.05,2850.5,2886.25,2887.5,2874.53,3024.9,2220.3,4244403,12200651008,208132,3,Reliance
19-03-2024,Tuesday,March,Q1,2024,EQ,2857.5,2875.2,2834.5,2878.95,2849.15,2850.5,2848.79,3024.9,2220.3,4137882,11787973196,196658,3,Reliance
18-03-2024,Monday,March,Q1,2024,EQ,2840,2883.45,2833.05,2836.45,2874,2878.95,2858.1,3024.9,2220.3,4584696,13103538361,228224,3,Reliance
15-03-2024,Friday,March,Q1,2024,EQ,2851.9,2866.45,2825.8,2862.95,2838,2836.45,2839.66,3024.9,2220.3,9611909,27294538071,249827,3,Reliance
14-03-2024,Thursday,March,Q1,2024,EQ,2879.4,2897.05,2851,2864.35,2870,2862.95,2871.07,3024.9,2220.3,9285551,26659495810,343017,3,Reliance
13-03-2024,Wednesday,March,Q1,2024,EQ,2959.55,2966.2,2855.55,2950.85,2873.2,2864.35,2889.98,3024.9,2220.3,6761067,19539320817,255973,3,Reliance
12-03-2024,Tuesday,March,Q1,2024,EQ,2933.2,2976,2930.05,2933.2,2953.5,2950.85,2956.49,3024.9,2220.3,4716339,13943814809,178946,3,Reliance
11-03-2024,Monday,March,Q1,2024,EQ,2978,2978,2927,2957.85,2928,2933.2,2950.2,3024.9,2220.3,5638565,16634894693,255615,3,Reliance
07-03-2024,Thursday,March,Q1,2024,EQ,3005.95,3006.2,2951.1,3006,2957,2957.85,2973.36,3024.9,2220.3,4157863,12362839422,195070,3,Reliance
06-03-2024,Wednesday,March,Q1,2024,EQ,2986.9,3018,2957,3000.4,3002.85,3006,2991.36,3024.9,2220.3,3902838,11674786491,205634,3,Reliance
05-03-2024,Tuesday,March,Q1,2024,EQ,3011.55,3014.8,2972.1,3014.8,2996,3000.4,2992.5,3024.9,2220.3,3553834,10634836948,213477,3,Reliance
04-03-2024,Monday,March,Q1,2024,EQ,2980.95,3024.9,2974.45,2982.15,3010,3014.8,3003.93,3024.9,2220.3,5012210,15056320911,240680,3,Reliance
02-03-2024,Saturday,March,Q1,2024,EQ,2984,3000.9,2976,2984.25,2980.95,2982.15,2989.65,3000.9,2220.3,358150,1070743615,18856,3,Reliance
01-03-2024,Friday,March,Q1,2024,EQ,2927,3000,2925,2921.6,2977,2984.25,2966.96,3000,2220.3,6066463,17998957521,272154,3,Reliance
29-02-2024,Thursday,February,Q1,2024,EQ,2930,2957.95,2909.05,2911.25,2930.75,2921.6,2927.13,2999.9,2220.3,11814488,34582493287,298691,2,Reliance
28-02-2024,Wednesday,February,Q1,2024,EQ,2966,2982.55,2900.35,2971.3,2915,2911.25,2931.01,2999.9,2220.3,4323975,12673607275,216192,2,Reliance
27-02-2024,Tuesday,February,Q1,2024,EQ,2966.05,2999.9,2956.1,2974.65,2971,2971.3,2974.38,2999.9,2220.3,5413022,16100408444,197414,2,Reliance
26-02-2024,Monday,February,Q1,2024,EQ,2987.1,2989.05,2965,2987.25,2975.1,2974.65,2974.31,2995.1,2220.3,3756553,11173163736,141799,2,Reliance
23-02-2024,Friday,February,Q1,2024,EQ,2979,2995.1,2966.7,2963.5,2986.55,2987.25,2982.96,2995.1,2220.3,7219292,21534840027,255210,2,Reliance
22-02-2024,Thursday,February,Q1,2024,EQ,2936.3,2969.9,2916,2935.4,2962.2,2963.5,2944.65,2977.05,2220.3,9246864,27228762576,273105,2,Reliance
21-02-2024,Wednesday,February,Q1,2024,EQ,2948,2977.05,2915.1,2942.05,2932.05,2935.4,2949.3,2977.05,2220.3,6360146,18757966312,289896,2,Reliance
20-02-2024,Tuesday,February,Q1,2024,EQ,2950.05,2951,2923.6,2948,2941.45,2942.05,2937.06,2969.45,2220.3,3558748,10452264181,172812,2,Reliance
19-02-2024,Monday,February,Q1,2024,EQ,2924.1,2959,2907.05,2921.15,2940,2948,2934.52,2969.45,2220.3,3364914,9874395305,143935,2,Reliance
16-02-2024,Friday,February,Q1,2024,EQ,2952.95,2954,2917.1,2941.2,2925,2921.15,2932.13,2969.45,2220.3,4883749,14319775078,170212,2,Reliance
15-02-2024,Thursday,February,Q1,2024,EQ,2966.7,2969.45,2933.05,2962.75,2944.5,2941.2,2946.03,2969.45,2220.3,5003391,14740128066,236768,2,Reliance
14-02-2024,Wednesday,February,Q1,2024,EQ,2915,2967.3,2915,2930.2,2963.6,2962.75,2943.59,2967.3,2220.3,3558944,10476084978,200869,2,Reliance
13-02-2024,Tuesday,February,Q1,2024,EQ,2911,2958,2908,2904.7,2926.2,2930.2,2934.72,2958,2220.3,3857797,11321554003,178755,2,Reliance
12-02-2024,Monday,February,Q1,2024,EQ,2921.5,2922,2884.7,2921.5,2904,2904.7,2900.64,2949.8,2220.3,3337215,9680050428,170350,2,Reliance
09-02-2024,Friday,February,Q1,2024,EQ,2908,2943.95,2901.9,2900.25,2917.3,2921.5,2924.38,2949.8,2220.3,6278399,18360429343,248252,2,Reliance
08-02-2024,Thursday,February,Q1,2024,EQ,2900,2918.95,2855.05,2884.3,2916,2900.25,2882.9,2949.8,2220.3,7347317,21181603385,320055,2,Reliance
07-02-2024,Wednesday,February,Q1,2024,EQ,2871.85,2899,2858.5,2855.6,2885,2884.3,2876.04,2949.8,2220.3,4648284,13368650631,228951,2,Reliance
06-02-2024,Tuesday,February,Q1,2024,EQ,2883.7,2883.7,2839.65,2878.05,2854.75,2855.6,2859.49,2949.8,2220.3,4523992,12936328248,240512,2,Reliance
05-02-2024,Monday,February,Q1,2024,EQ,2921.5,2941,2863.05,2915.4,2879.45,2878.05,2907.3,2949.8,2220.3,4407216,12813104310,197343,2,Reliance
02-02-2024,Friday,February,Q1,2024,EQ,2866.35,2949.8,2866.35,2853.3,2913,2915.4,2913.44,2949.8,2220.3,9826294,28628319859,420949,2,Reliance
01-02-2024,Thursday,February,Q1,2024,EQ,2870,2886.7,2836.1,2853.25,2851.5,2853.3,2857.88,2919.95,2220.3,6674681,19075409130,259110,2,Reliance
31-01-2024,Wednesday,January,Q1,2024,EQ,2808,2868.5,2805,2815.25,2850,2853.25,2847.99,2919.95,2220.3,7565113,21545402809,343623,1,Reliance
30-01-2024,Tuesday,January,Q1,2024,EQ,2919.9,2919.95,2808.85,2896.1,2818.25,2815.25,2854.34,2919.95,2220.3,7046989,20114536191,314728,1,Reliance
29-01-2024,Monday,January,Q1,2024,EQ,2729,2905,2720.35,2706.15,2890.1,2896.1,2842.26,2905,2220.3,11946719,33955652629,464414,1,Reliance
25-01-2024,Thursday,January,Q1,2024,EQ,2685.9,2728.3,2670.4,2687.75,2711,2706.15,2697.07,2792.9,2220.3,5904436,15924681036,199408,1,Reliance
24-01-2024,Wednesday,January,Q1,2024,EQ,2670.45,2699,2647.85,2657.15,2694.9,2687.75,2664.32,2792.9,2220.3,10959564,29199812068,253093,1,Reliance
23-01-2024,Tuesday,January,Q1,2024,EQ,2743.5,2743.5,2645.1,2713.3,2656.75,2657.15,2674.9,2792.9,2220.3,10027710,26823081585,337484,1,Reliance
20-01-2024,Saturday,January,Q1,2024,EQ,2730,2766.95,2700,2734.9,2716,2713.3,2734.2,2792.9,2220.3,3641697,9957110929,128579,1,Reliance
19-01-2024,Friday,January,Q1,2024,EQ,2752,2752,2718,2735.9,2736.45,2734.9,2732.29,2792.9,2220.3,5211352,14238941783,275902,1,Reliance
18-01-2024,Thursday,January,Q1,2024,EQ,2702.8,2742,2702.5,2723.15,2734.75,2735.9,2724.93,2792.9,2220.3,5139719,14005371080,253448,1,Reliance
17-01-2024,Wednesday,January,Q1,2024,EQ,2719,2772.55,2710.05,2749.25,2723.5,2723.15,2738.75,2792.9,2220.3,6098691,16702784158,312203,1,Reliance
16-01-2024,Tuesday,January,Q1,2024,EQ,2779.95,2792.6,2741,2788.25,2746.8,2749.25,2770.68,2792.9,2220.3,4534512,12563673259,235619,1,Reliance
15-01-2024,Monday,January,Q1,2024,EQ,2750,2792.9,2732,2741.45,2786,2788.25,2768.73,2792.9,2220.3,4305297,11920219926,237252,1,Reliance
12-01-2024,Friday,January,Q1,2024,EQ,2719.8,2746.65,2691.5,2719.8,2740.5,2741.45,2729.49,2746.65,2220.3,7506082,20487745085,434055,1,Reliance
11-01-2024,Thursday,January,Q1,2024,EQ,2659,2725,2657,2650.1,2716,2719.8,2695.73,2725,2220.3,11862926,31979289600,581952,1,Reliance
10-01-2024,Wednesday,January,Q1,2024,EQ,2577,2659,2575.05,2580.5,2655,2650.1,2616.79,2659,2220.3,5551370,14526742702,179441,1,Reliance
09-01-2024,Tuesday,January,Q1,2024,EQ,2600,2606.8,2577.2,2587.35,2580.5,2580.5,2592.44,2634,2220.3,2701537,7003571442,130706,1,Reliance
08-01-2024,Monday,January,Q1,2024,EQ,2610,2631.95,2568.95,2607.7,2586,2587.35,2600.55,2634,2220.3,3867326,10057168474,171169,1,Reliance
05-01-2024,Friday,January,Q1,2024,EQ,2602.9,2619.85,2598,2596.65,2609,2607.7,2606.82,2634,2220.3,4043203,10539886698,211413,1,Reliance
04-01-2024,Thursday,January,Q1,2024,EQ,2588,2609.85,2579.1,2583.3,2600,2596.65,2597.37,2634,2220.3,4806389,12483971503,267185,1,Reliance
03-01-2024,Wednesday,January,Q1,2024,EQ,2610,2634,2577.2,2611.7,2580.75,2583.3,2606.46,2634,2220.3,4518768,11778006447,198303,1,Reliance
02-01-2024,Tuesday,January,Q1,2024,EQ,2585,2615,2573,2590.25,2609,2611.7,2596.75,2630.95,2220.3,3724400,9671331568,175872,1,Reliance
01-01-2024,Monday,January,Q1,2024,EQ,2580.55,2606.85,2573.15,2584.95,2588.45,2590.25,2588.14,2630.95,2220.3,2015270,5215808110,115559,1,Reliance
29-12-2023,Friday,December,Q4,2023,EQ,2611.1,2614,2579.3,2605.55,2587,2584.95,2589.61,2630.95,2220.3,5432292,14067490671,248419,12,Reliance
28-12-2023,Thursday,December,Q4,2023,EQ,2589.8,2612,2586.85,2586.85,2605,2605.55,2602.58,2630.95,2220.3,6151318,16009295263,228625,12,Reliance
27-12-2023,Wednesday,December,Q4,2023,EQ,2582,2599.9,2573.1,2578.05,2583.35,2586.85,2586.56,2630.95,2220.3,4602078,11903547788,191497,12,Reliance
26-12-2023,Tuesday,December,Q4,2023,EQ,2568,2591.95,2562.7,2565.05,2579,2578.05,2579.88,2630.95,2220.3,3732832,9630262624,188513,12,Reliance
22-12-2023,Friday,December,Q4,2023,EQ,2559.6,2580.9,2547.65,2562.55,2561,2565.05,2559.79,2630.95,2220.3,8270892,21171713990,274088,12,Reliance
21-12-2023,Thursday,December,Q4,2023,EQ,2527,2573.5,2518.25,2527.15,2561,2562.55,2551.74,2630.95,2220.3,6882727,17562946483,235158,12,Reliance
20-12-2023,Wednesday,December,Q4,2023,EQ,2571.05,2598.85,2520,2558.1,2529.4,2527.15,2563.63,2630.95,2220.3,8868361,22735194766,372595,12,Reliance
19-12-2023,Tuesday,December,Q4,2023,EQ,2555,2573.9,2525.2,2521,2556.5,2558.1,2553.63,2630.95,2220.3,8410302,21476799672,331728,12,Reliance
18-12-2023,Monday,December,Q4,2023,EQ,2495.6,2534.9,2490.95,2495.6,2520,2521,2521.89,2630.95,2220.3,7082594,17861536573,253336,12,Reliance
15-12-2023,Friday,December,Q4,2023,EQ,2478,2500,2470.05,2464.15,2492,2495.6,2487.92,2630.95,2220.3,7966076,19818994726,219982,12,Reliance
14-12-2023,Thursday,December,Q4,2023,EQ,2454,2474.95,2442.65,2433.95,2463.55,2464.15,2464.76,2630.95,2220.3,8486177,20916413095,308013,12,Reliance
13-12-2023,Wednesday,December,Q4,2023,EQ,2422,2438.35,2406.3,2424.05,2432.05,2433.95,2422.37,2630.95,2220.3,5015591,12149635537,203903,12,Reliance
12-12-2023,Tuesday,December,Q4,2023,EQ,2460,2464.95,2420.15,2459.35,2424,2424.05,2442.73,2630.95,2220.3,4598562,11233058047,164611,12,Reliance
11-12-2023,Monday,December,Q4,2023,EQ,2456,2467.6,2452.4,2455.75,2460.9,2459.35,2459.8,2630.95,2220.3,3533069,8690654768,148258,12,Reliance
08-12-2023,Friday,December,Q4,2023,EQ,2463.85,2476.7,2445,2457.05,2451,2455.75,2457.48,2630.95,2220.3,5102447,12539153829,193898,12,Reliance
07-12-2023,Thursday,December,Q4,2023,EQ,2460,2460.95,2442,2461.1,2456.15,2457.05,2453.62,2630.95,2220.3,4071048,9988795871,169328,12,Reliance
06-12-2023,Wednesday,December,Q4,2023,EQ,2447.1,2472.95,2435,2437.75,2462,2461.1,2459.66,2630.95,2220.3,8211221,20196820470,203350,12,Reliance
05-12-2023,Tuesday,December,Q4,2023,EQ,2439,2440.85,2421.65,2420.2,2437.15,2437.75,2435.32,2630.95,2220.3,6346812,15456491179,270813,12,Reliance
04-12-2023,Monday,December,Q4,2023,EQ,2450,2450,2398.6,2394.3,2421,2420.2,2417.16,2630.95,2220.3,7795495,18842940785,249010,12,Reliance
01-12-2023,Friday,December,Q4,2023,EQ,2378,2396.4,2377.6,2377.45,2393,2394.3,2389.47,2630.95,2220.3,7171421,17135906079,218016,12,Reliance
30-11-2023,Thursday,November,Q4,2023,EQ,2394.7,2400.7,2369.9,2400.7,2379,2377.45,2382.58,2630.95,2220.3,14219992,33880261609,368003,11,Reliance
29-11-2023,Wednesday,November,Q4,2023,EQ,2408,2411.95,2398.05,2394.4,2400,2400.7,2406.54,2630.95,2220.3,6265653,15078554702,161091,11,Reliance
28-11-2023,Tuesday,November,Q4,2023,EQ,2393.9,2399.7,2375.25,2393.9,2395.15,2394.4,2383.04,2630.95,2220.3,6896087,16433674720,221537,11,Reliance
24-11-2023,Friday,November,Q4,2023,EQ,2391.6,2402.6,2391.05,2395.5,2394.25,2393.9,2397.29,2630.95,2220.3,3374743,8090226237,182231,11,Reliance
23-11-2023,Thursday,November,Q4,2023,EQ,2388.2,2400,2388.2,2388.2,2393.9,2395.5,2395.76,2630.95,2220.3,4265771,10219770256,151936,11,Reliance
22-11-2023,Wednesday,November,Q4,2023,EQ,2375,2394.45,2372.2,2378.9,2387,2388.2,2385.76,2630.95,2220.3,4267407,10181003166,177755,11,Reliance
21-11-2023,Tuesday,November,Q4,2023,EQ,2366,2388,2360.2,2349.35,2377,2378.9,2377.09,2630.95,2220.3,4107225,9763257904,163809,11,Reliance
20-11-2023,Monday,November,Q4,2023,EQ,2348.55,2358.4,2336.4,2355.55,2349,2349.35,2346.96,2630.95,2220.3,2245093,5269153540,117438,11,Reliance
17-11-2023,Friday,November,Q4,2023,EQ,2352.9,2373.25,2352.05,2360.7,2354.85,2355.55,2363.5,2630.95,2220.3,3879317,9168751612,140454,11,Reliance
16-11-2023,Thursday,November,Q4,2023,EQ,2351.1,2374.15,2346.95,2356.45,2358,2360.7,2363.74,2630.95,2220.3,6567455,15523761404,179828,11,Reliance
15-11-2023,Wednesday,November,Q4,2023,EQ,2340,2361.95,2327,2314.6,2356.1,2356.45,2346.76,2630.95,2220.3,6110324,14339487045,188402,11,Reliance
13-11-2023,Monday,November,Q4,2023,EQ,2322.9,2324.6,2311.7,2330.65,2315.1,2314.6,2316.15,2630.95,2220.3,1927405,4464162629,101023,11,Reliance
12-11-2023,Sunday,November,Q4,2023,EQ,2326.05,2332,2322.5,2314.9,2330.9,2330.65,2328.71,2630.95,2220.3,709922,1653202914,54331,11,Reliance
10-11-2023,Friday,November,Q4,2023,EQ,2305.55,2316.35,2298.05,2310.55,2315.9,2314.9,2308.66,2630.95,2220.3,3867477,8928695452,144846,11,Reliance
09-11-2023,Thursday,November,Q4,2023,EQ,2335.85,2335.9,2304.2,2335.9,2311.45,2310.55,2316.51,2630.95,2220.3,7256805,16810455977,264597,11,Reliance
08-11-2023,Wednesday,November,Q4,2023,EQ,2332,2341,2321.75,2323.8,2333.75,2335.9,2335.8,2630.95,2220.3,3942247,9208287625,150160,11,Reliance
07-11-2023,Tuesday,November,Q4,2023,EQ,2334.05,2339.1,2319.55,2339,2323.1,2323.8,2328.29,2630.95,2220.3,3480102,8102678736,164587,11,Reliance
06-11-2023,Monday,November,Q4,2023,EQ,2332.3,2340,2325.6,2319.7,2339,2339,2334.2,2630.95,2220.3,5323652,12426455972,159387,11,Reliance
03-11-2023,Friday,November,Q4,2023,EQ,2327.2,2334.95,2315.75,2320.2,2319,2319.7,2325.94,2630.95,2220.3,4425078,10292487340,157991,11,Reliance
02-11-2023,Thursday,November,Q4,2023,EQ,2313.95,2324.3,2307.95,2297.4,2319,2320.2,2316.45,2630.95,2220.3,5281052,12233275557,156658,11,Reliance
01-11-2023,Wednesday,November,Q4,2023,EQ,2289.15,2317.5,2275.2,2287.9,2294.7,2297.4,2301.86,2630.95,2220.3,5154595,11865133916,172384,11,Reliance
31-10-2023,Tuesday,October,Q4,2023,EQ,2328,2328,2282.9,2312.5,2289,2287.9,2302.76,2630.95,2220.3,6404219,14747354997,285198,10,Reliance
30-10-2023,Monday,October,Q4,2023,EQ,2274,2325,2269.95,2265.8,2309,2312.5,2310.35,2630.95,2220.3,8406652,19422270423,352375,10,Reliance
27-10-2023,Friday,October,Q4,2023,EQ,2240,2273.5,2235.95,2226.5,2266.15,2265.8,2262.35,2630.95,2220.3,5885542,13315143154,247495,10,Reliance
26-10-2023,Thursday,October,Q4,2023,EQ,2251,2258,2220.3,2257.95,2223,2226.5,2232.86,2630.95,2220.3,7611267,16994910103,349499,10,Reliance
25-10-2023,Wednesday,October,Q4,2023,EQ,2250.05,2281.2,2243,2263.2,2256,2257.95,2261.49,2630.95,2243,5810344,13140036000,276253,10,Reliance
23-10-2023,Monday,October,Q4,2023,EQ,2290,2306.25,2255.25,2299.1,2262.9,2263.2,2283.24,2630.95,2255.25,3926981,8966223109,229519,10,Reliance
20-10-2023,Friday,October,Q4,2023,EQ,2300,2314.7,2296.3,2306.15,2296.6,2299.1,2302.59,2630.95,2295,4456656,10261859219,236801,10,Reliance
19-10-2023,Thursday,October,Q4,2023,EQ,2312,2321.8,2301,2324,2304.65,2306.15,2310.08,2630.95,2295,6016278,13898102711,306999,10,Reliance
18-10-2023,Wednesday,October,Q4,2023,EQ,2355.25,2367,2321,2355.25,2321.4,2324,2341.91,2630.95,2295,4459160,10442944806,197131,10,Reliance
17-10-2023,Tuesday,October,Q4,2023,EQ,2356,2359.7,2341.3,2344.05,2356.2,2355.25,2350.51,2630.95,2295,3964090,9317649592,132520,10,Reliance
16-10-2023,Monday,October,Q4,2023,EQ,2345,2354.55,2336,2349.3,2345.8,2344.05,2346.59,2630.95,2295,2964518,6956522674,174031,10,Reliance
13-10-2023,Friday,October,Q4,2023,EQ,2340,2357.5,2329.15,2349.4,2344.95,2349.3,2344.56,2630.95,2295,5075158,11898999932,196532,10,Reliance
12-10-2023,Thursday,October,Q4,2023,EQ,2343.85,2359.35,2338.15,2345.05,2347.35,2349.4,2350.76,2630.95,2295,6277225,14756275104,231306,10,Reliance
11-10-2023,Wednesday,October,Q4,2023,EQ,2314.45,2349.7,2313,2308.4,2345.75,2345.05,2333.86,2630.95,2295,4907059,11452367311,199005,10,Reliance
10-10-2023,Tuesday,October,Q4,2023,EQ,2306.55,2317.9,2303.75,2298.25,2310.3,2308.4,2309.03,2630.95,2295,5118016,11817666202,240623,10,Reliance
09-10-2023,Monday,October,Q4,2023,EQ,2308.1,2311.95,2295,2318,2295.15,2298.25,2302.95,2630.95,2295,3788439,8724597410,215473,10,Reliance
06-10-2023,Friday,October,Q4,2023,EQ,2317.05,2324.8,2312.05,2314.1,2317.65,2318,2318.8,2630.95,2295.1,2715513,6296730157,165579,10,Reliance
05-10-2023,Thursday,October,Q4,2023,EQ,2319.25,2329.4,2309,2314.15,2312.9,2314.1,2317.43,2630.95,2295.1,5476841,12692181392,220239,10,Reliance
04-10-2023,Wednesday,October,Q4,2023,EQ,2309,2319,2295.1,2318.15,2314.1,2314.15,2304.24,2630.95,2295.1,5143193,11851141944,261511,10,Reliance
03-10-2023,Tuesday,October,Q4,2023,EQ,2329.95,2335.6,2316,2345,2318.4,2318.15,2322.04,2630.95,2316,4429528,10285526679,192207,10,Reliance
29-09-2023,Friday,September,Q3,2023,EQ,2341.8,2369.1,2334.1,2334.1,2342.05,2345,2350.92,2630.95,2325,6171007,14507525912,178898,9,Reliance
28-09-2023,Thursday,September,Q3,2023,EQ,2383,2383,2325,2368.9,2339,2334.1,2352.03,2630.95,2325,7259173,17073806729,283992,9,Reliance
27-09-2023,Wednesday,September,Q3,2023,EQ,2343.5,2371.8,2338.5,2342.5,2371,2368.9,2355.73,2630.95,2335.1,5861389,13807821671,233089,9,Reliance
26-09-2023,Tuesday,September,Q3,2023,EQ,2338.55,2350.2,2335.6,2340.45,2340,2342.5,2342.35,2630.95,2335.1,5043891,11814581031,168749,9,Reliance
25-09-2023,Monday,September,Q3,2023,EQ,2350.4,2360.7,2335.1,2354.95,2339.5,2340.45,2343.52,2630.95,2335.1,7127442,16703285186,266745,9,Reliance
22-09-2023,Friday,September,Q3,2023,EQ,2376,2382.45,2350,2364.8,2356.5,2354.95,2363.47,2630.95,2350,9588393,22661897562,302933,9,Reliance
21-09-2023,Thursday,September,Q3,2023,EQ,2374.95,2390.1,2360,2382.15,2365,2364.8,2370.7,2630.95,2355,6113091,14492294095,292445,9,Reliance
20-09-2023,Wednesday,September,Q3,2023,EQ,2423.05,2427.6,2355,2436.45,2380.65,2382.15,2377.79,2630.95,2355,28540942,67864489358,350883,9,Reliance
18-09-2023,Monday,September,Q3,2023,EQ,2440.05,2451,2432.05,2457.85,2434,2436.45,2442.35,2630.95,2399.9,3758150,9178715239,135713,9,Reliance
15-09-2023,Friday,September,Q3,2023,EQ,2468,2468,2449.5,2453.3,2452.5,2457.85,2458.32,2630.95,2399.9,12734296,31304996691,172228,9,Reliance
14-09-2023,Thursday,September,Q3,2023,EQ,2460,2465.8,2445,2451.05,2456,2453.3,2454.2,2630.95,2399.9,4604818,11301141213,259706,9,Reliance
13-09-2023,Wednesday,September,Q3,2023,EQ,2440,2462.65,2426.25,2438.85,2450.1,2451.05,2451.78,2630.95,2399.9,6401669,15695491696,153034,9,Reliance
12-09-2023,Tuesday,September,Q3,2023,EQ,2483,2483,2435.95,2474.6,2437,2438.85,2451.73,2630.95,2399.9,8127833,19927245603,230277,9,Reliance
11-09-2023,Monday,September,Q3,2023,EQ,2452,2476.85,2452,2448.2,2473.05,2474.6,2468.87,2630.95,2399.9,6635537,16382249910,216515,9,Reliance
08-09-2023,Friday,September,Q3,2023,EQ,2440,2456,2422.95,2432,2451,2448.2,2435.83,2630.95,2399.9,11554644,28145173638,203161,9,Reliance
07-09-2023,Thursday,September,Q3,2023,EQ,2421.7,2438.25,2411,2428.7,2431,2432,2424.86,2630.95,2399.9,6826286,16552769826,176371,9,Reliance
06-09-2023,Wednesday,September,Q3,2023,EQ,2421.1,2436.15,2417.25,2423.6,2426.35,2428.7,2427.46,2630.95,2399.9,4100185,9953029724,168907,9,Reliance
05-09-2023,Tuesday,September,Q3,2023,EQ,2420,2433.95,2412.45,2410.7,2426,2423.6,2423.22,2630.95,2399.9,4337938,10511762468,160296,9,Reliance
04-09-2023,Monday,September,Q3,2023,EQ,2412.65,2423.65,2405.3,2412.65,2411.05,2410.7,2413.56,2630.95,2399.9,4673813,11280512430,167154,9,Reliance
01-09-2023,Friday,September,Q3,2023,EQ,2406.55,2425.65,2401.65,2407,2411.4,2412.65,2413.4,2630.95,2399.9,9056421,21856799694,285753,9,Reliance
31-08-2023,Thursday,August,Q3,2023,EQ,2423,2425,2399.9,2418.05,2408,2407,2410.24,2630.95,2399.9,10819300,26077096814,263614,8,Reliance
30-08-2023,Wednesday,August,Q3,2023,EQ,2432,2443,2415,2420.35,2419.4,2418.05,2426.59,2630.95,2408.15,6084473,14764544104,220096,8,Reliance
29-08-2023,Tuesday,August,Q3,2023,EQ,2452.05,2453.45,2408.15,2443.75,2422,2420.35,2425.23,2630.95,2408.15,8438322,20464839388,319838,8,Reliance
28-08-2023,Monday,August,Q3,2023,EQ,2472,2484,2431.1,2468.35,2436.95,2443.75,2465.38,2630.95,2431.1,6290413,15508240986,248985,8,Reliance
25-08-2023,Friday,August,Q3,2023,EQ,2456,2505,2442.6,2479.8,2461.9,2468.35,2475.31,2630.95,2442.6,11111200,27503665769,309987,8,Reliance
24-08-2023,Thursday,August,Q3,2023,EQ,2539.9,2539.9,2471,2522.2,2475.8,2479.8,2505.26,2630.95,2458.05,7070010,17712228152,277360,8,Reliance
23-08-2023,Wednesday,August,Q3,2023,EQ,2524.2,2542.85,2516.95,2519.4,2518.2,2522.2,2528.38,2630.95,2458.05,4758976,12032500977,186890,8,Reliance
22-08-2023,Tuesday,August,Q3,2023,EQ,2516.9,2537.95,2499,2520,2523,2519.4,2522.49,2630.95,2458.05,3856522,9728035039,234127,8,Reliance
21-08-2023,Monday,August,Q3,2023,EQ,2539.95,2555.45,2515.65,2556.8,2519.5,2520,2528.76,2630.95,2458.05,4610873,11659793136,186604,8,Reliance
18-08-2023,Friday,August,Q3,2023,EQ,2531.25,2577.6,2508.55,2538,2551.05,2556.8,2543.13,2630.95,2458.05,9319989,23701983763,293106,8,Reliance
17-08-2023,Thursday,August,Q3,2023,EQ,2567.1,2578.1,2532.85,2575.15,2534.05,2538,2550.82,2630.95,2458.05,6836872,17439652936,305866,8,Reliance
16-08-2023,Wednesday,August,Q3,2023,EQ,2551,2582.8,2551,2577.25,2571.95,2575.15,2568.15,2630.95,2458.05,5101556,13101545281,157128,8,Reliance
14-08-2023,Monday,August,Q3,2023,EQ,2539,2582.3,2525,2547.15,2573.2,2577.25,2563.04,2630.95,2458.05,4787906,12271588460,248402,8,Reliance
11-08-2023,Friday,August,Q3,2023,EQ,2532.45,2558.85,2512.35,2536.45,2542,2547.15,2535.53,2630.95,2458.05,11089665,28118225499,247074,8,Reliance
10-08-2023,Thursday,August,Q3,2023,EQ,2524.95,2550,2508.45,2525.2,2536,2536.45,2533.24,2630.95,2458.05,7735299,19595355860,257586,8,Reliance
09-08-2023,Wednesday,August,Q3,2023,EQ,2504.85,2529,2481.1,2508.65,2522,2525.2,2499.68,2630.95,2458.05,5743293,14356384372,269092,8,Reliance
08-08-2023,Tuesday,August,Q3,2023,EQ,2528,2534.45,2499.55,2523.85,2503.75,2508.65,2514.67,2630.95,2458.05,4922036,12377291186,199690,8,Reliance
07-08-2023,Monday,August,Q3,2023,EQ,2521,2528.4,2505,2509.55,2523.5,2523.85,2518.85,2630.95,2458.05,2991435,7534973865,144288,8,Reliance
04-08-2023,Friday,August,Q3,2023,EQ,2498.8,2516,2471.6,2475.9,2508,2509.55,2497.26,2630.95,2458.05,11442805,28575603699,292077,8,Reliance
03-08-2023,Thursday,August,Q3,2023,EQ,2475.3,2500.9,2458.05,2486.35,2474.5,2475.9,2474.27,2630.95,2458.05,5084175,12579630763,227047,8,Reliance
02-08-2023,Wednesday,August,Q3,2023,EQ,2509.2,2512,2463.6,2513.2,2484.05,2486.35,2485.51,2630.95,2463.6,6374107,15842903032,330411,8,Reliance
01-08-2023,Tuesday,August,Q3,2023,EQ,2555,2559,2505.3,2549.25,2517.7,2513.2,2524.85,2630.95,2469.3,4768316,12039288137,198132,8,Reliance
31-07-2023,Monday,July,Q3,2023,EQ,2527.85,2553.9,2517.95,2527.85,2546,2549.25,2540.69,2630.95,2469.3,4275587,10862927967,169076,7,Reliance
28-07-2023,Friday,July,Q3,2023,EQ,2512.05,2542.85,2500.55,2502.7,2528.2,2527.85,2518.8,2630.95,2469.3,10413926,26230615302,333806,7,Reliance
27-07-2023,Thursday,July,Q3,2023,EQ,2534.05,2537.65,2490.35,2526.2,2515,2502.7,2509.19,2630.95,2469.3,8613449,21612819117,299635,7,Reliance
26-07-2023,Wednesday,July,Q3,2023,EQ,2485,2547,2485,2485.8,2526,2526.2,2526.43,2630.95,2469.3,6455506,16309370485,255390,7,Reliance
25-07-2023,Tuesday,July,Q3,2023,EQ,2494,2505.2,2480,2487.4,2484,2485.8,2492.71,2630.95,2469.3,6013010,14988681530,242346,7,Reliance
24-07-2023,Monday,July,Q3,2023,EQ,2481,2514.95,2469.3,2538.75,2488,2487.4,2491.6,2630.95,2469.3,11863933,29560118805,441158,7,Reliance
21-07-2023,Friday,July,Q3,2023,EQ,2609,2614.9,2523.6,2619.85,2555,2538.75,2549.83,2630.95,2523.6,15124619,38565157004,457107,7,Reliance
20-07-2023,Thursday,July,Q3,2023,EQ,2580,2630.95,2580,2841.85,2623,2619.85,2614,2630.95,2580,19358812,50603956720,415393,7,Reliance
19-07-2023,Wednesday,July,Q3,2023,EQ,2830,2856,2797,2820.45,2853,2841.85,2826.91,2856,2180,18054869,51039578143,441824,7,Reliance
18-07-2023,Tuesday,July,Q3,2023,EQ,2817,2837.45,2793,2796.7,2822.6,2820.45,2814.75,2837.45,2180,11937761,33601845465,332862,7,Reliance
17-07-2023,Monday,July,Q3,2023,EQ,2747,2815.05,2728,2740.7,2795.2,2796.7,2780.3,2815.05,2180,10254545,28510731061,386729,7,Reliance
14-07-2023,Friday,July,Q3,2023,EQ,2750,2760.9,2725.1,2743,2751,2740.7,2739.02,2802,2180,6979790,19117813181,201319,7,Reliance
13-07-2023,Thursday,July,Q3,2023,EQ,2783.9,2799,2737.25,2767.75,2748,2743,2774.19,2802,2180,6776172,18798357651,254196,7,Reliance
