Date ,series ,OPEN ,HIGH ,LOW ,PREV. CLOSE ,ltp ,close ,vwap ,52W H ,52W L ,VOLUME ,VALUE ,No of trades ,Stock Name
11-07-2025,EQ,1083.9,1101.8,1074,1088.9,1076,1076.8,1086.2,1262.6,882.9,983485,1068260432,51670,TATA
10-07-2025,EQ,1097.9,1103.7,1080.1,1097.9,1086,1088.9,1093.98,1262.6,882.9,533377,583506070.2,31947,TATA
09-07-2025,EQ,1100,1107.4,1091.6,1099.9,1095.6,1097.9,1099.65,1262.6,882.9,752158,827111543.5,29286,TATA
08-07-2025,EQ,1108,1108.6,1093.5,1101.9,1100,1099.9,1100.4,1262.6,882.9,605639,666445055.4,28696,TATA
07-07-2025,EQ,1085,1108.2,1085,1089.7,1106,1101.9,1101.15,1262.6,882.9,1152136,1268678514,60654,TATA
04-07-2025,EQ,1091,1095,1082,1089.4,1089.5,1089.7,1086.15,1262.6,882.9,573351,622743585.2,24715,TATA
03-07-2025,EQ,1096,1105.8,1086.7,1095.8,1090,1089.4,1094.29,1262.6,882.9,730322,799185291.1,38864,TATA
02-07-2025,EQ,1094,1098.3,1084,1095.6,1098,1095.8,1091.44,1262.6,882.9,1230645,1343172049,46806,TATA
01-07-2025,EQ,1098.9,1100.7,1085.9,1098.9,1096,1095.6,1093.18,1262.6,882.9,971874,1062428658,63068,TATA
30-06-2025,EQ,1124,1126.7,1090.6,1124.3,1098,1098.9,1099.04,1262.6,882.9,1836286,2018143048,71404,TATA
27-06-2025,EQ,1144,1147.2,1120,1145.4,1121,1124.3,1129.51,1262.6,882.9,622376,702979860.1,36488,TATA
26-06-2025,EQ,1122,1150,1119.1,1126.5,1148.7,1145.4,1135.96,1262.6,882.9,2236678,2540770243,80197,TATA
25-06-2025,EQ,1107.7,1133.9,1106.6,1107.7,1125,1126.5,1126.71,1262.6,882.9,1564437,1762664860,58691,TATA
24-06-2025,EQ,1112,1116.9,1104.4,1109.4,1110.5,1107.7,1109.96,1262.6,882.9,1134930,1259723647,47724,TATA
23-06-2025,EQ,1090,1112,1090,1100.2,1110.8,1109.4,1102.86,1262.6,882.9,758904,836962343.7,32440,TATA
20-06-2025,EQ,1088.3,1103,1082.7,1088.3,1090.9,1100.2,1096.15,1262.6,882.9,2084108,2284484613,63390,TATA
19-06-2025,EQ,1065.2,1091.6,1061.6,1065.2,1088,1088.3,1084.08,1262.6,882.9,2816398,3053212072,102016,TATA
18-06-2025,EQ,1066.4,1075.8,1059,1071.6,1063.6,1065.2,1066.31,1262.6,882.9,545933,582136320.3,27269,TATA
17-06-2025,EQ,1083.4,1094,1065.5,1083.4,1070.1,1071.6,1073.15,1262.6,882.9,664517,713127111.5,24742,TATA
16-06-2025,EQ,1074,1085,1073.6,1078.4,1084,1083.4,1079.86,1262.6,882.9,439929,475062127.3,25251,TATA
13-06-2025,EQ,1066.6,1080.6,1066.6,1085.1,1080.6,1078.4,1074.97,1262.6,882.9,614108,660148332,35858,TATA
12-06-2025,EQ,1108.9,1108.9,1080,1104.3,1081,1085.1,1089.24,1262.6,882.9,941294,1025297808,55146,TATA
11-06-2025,EQ,1115.2,1119,1102,1115.1,1103.5,1104.3,1107.6,1262.6,882.9,862130,954891058.8,33399,TATA
10-06-2025,EQ,1121.2,1128.6,1112.7,1121.2,1115,1115.1,1118.57,1262.6,882.9,460271,514847521.9,24438,TATA
09-06-2025,EQ,1115.6,1122.5,1110.2,1115.6,1120.1,1121.2,1116.72,1262.6,882.9,467790,522391457.9,24598,TATA
06-06-2025,EQ,1111.9,1123.9,1109.4,1111.9,1114.8,1115.6,1115.93,1262.6,882.9,503186,561521103.4,23369,TATA
05-06-2025,EQ,1124.5,1127.1,1108.2,1124.4,1112.4,1111.9,1116.55,1262.6,882.9,1044950,1166742463,40600,TATA
04-06-2025,EQ,1110,1125.9,1110,1114.6,1125.9,1124.4,1122.61,1262.6,882.9,635699,713641805.3,39554,TATA
03-06-2025,EQ,1116.1,1123.2,1110.1,1120.4,1112.1,1114.6,1114.32,1262.6,882.9,795876,886862968.1,47584,TATA
02-06-2025,EQ,1100,1125,1099.2,1106.3,1116.4,1120.4,1117.04,1262.6,882.9,907133,1013302217,39652,TATA
30-05-2025,EQ,1109.8,1119.8,1101.6,1109.8,1109,1106.3,1107.21,1262.6,882.9,2475644,2741045779,54089,TATA
29-05-2025,EQ,1115.7,1118.1,1098.2,1121.4,1105.6,1109.8,1106.62,1262.6,882.9,2556089,2828627045,86014,TATA
28-05-2025,EQ,1138.4,1138.8,1119,1138.4,1120.1,1121.4,1124.75,1262.6,882.9,492483,553919274.9,29438,TATA
27-05-2025,EQ,1146.6,1149.8,1127.2,1146.3,1136.5,1138.4,1136.09,1262.6,882.9,901912,1024650118,44470,TATA
26-05-2025,EQ,1137,1153.4,1137,1140.8,1147,1146.3,1146.2,1262.6,882.9,616370,706486094.9,34492,TATA
23-05-2025,EQ,1126.5,1152,1124,1126.7,1138.7,1140.8,1143.51,1262.6,882.9,897235,1025995229,38513,TATA
22-05-2025,EQ,1138.8,1138.8,1115.5,1138.8,1128.5,1126.7,1126.51,1262.6,882.9,1414277,1593198721,68486,TATA
21-05-2025,EQ,1128.5,1153.5,1123.8,1128.5,1139.1,1138.8,1141.28,1262.6,882.9,619421,706932124.1,32250,TATA
20-05-2025,EQ,1149,1155.2,1126.8,1149.3,1131.8,1128.5,1134.23,1262.6,882.9,825451,936252409,42548,TATA
19-05-2025,EQ,1168,1169.7,1143,1168,1150,1149.3,1153.81,1262.6,882.9,786128,907040588.8,54292,TATA
16-05-2025,EQ,1154.9,1173.5,1144,1147.2,1170,1168,1160.11,1262.6,882.9,1336653,1550666409,53338,TATA
15-05-2025,EQ,1120.4,1159.2,1105.5,1120.4,1146,1147.2,1137.25,1262.6,882.9,2064096,2347390792,90774,TATA
14-05-2025,EQ,1118.6,1128.9,1115.8,1118.6,1120.5,1120.4,1121.28,1262.6,882.9,1386813,1554999010,51043,TATA
13-05-2025,EQ,1145.3,1150.3,1116.2,1145.6,1120.6,1118.6,1125.54,1262.6,882.9,1096797,1234484496,50065,TATA
12-05-2025,EQ,1123,1155,1123,1113.7,1144.5,1145.6,1143.37,1262.6,882.9,748637,855965948,39678,TATA
09-05-2025,EQ,1098,1118.6,1086.4,1116,1111,1113.7,1105.34,1262.6,882.9,815694,901620671.6,43786,TATA
08-05-2025,EQ,1136,1140,1107.5,1146,1113.6,1116,1117.65,1262.6,882.9,2692162,3008906216,100148,TATA
07-05-2025,EQ,1140,1162.3,1136.4,1155.3,1145.5,1146,1150.86,1262.6,882.9,1792683,2063122316,54089,TATA
06-05-2025,EQ,1161.5,1173.5,1152.6,1161.5,1154,1155.3,1161.38,1262.6,882.9,1382140,1605183178,51329,TATA
05-05-2025,EQ,1155.5,1173.6,1153,1156.8,1163.4,1161.5,1163.6,1262.6,882.9,1359727,1582179657,65349,TATA
02-05-2025,EQ,1157,1176.2,1151,1165.8,1153,1156.8,1162.1,1262.6,882.9,1042342,1211310589,50602,TATA
30-04-2025,EQ,1174.7,1180.5,1152.4,1168.9,1160,1165.8,1166.76,1262.6,882.9,1477319,1723673530,64157,TATA
29-04-2025,EQ,1155.2,1174.1,1149.9,1155.2,1171,1168.9,1162.42,1262.6,882.9,1439143,1672882618,72564,TATA
28-04-2025,EQ,1146.1,1162.5,1145,1155.7,1154,1155.2,1155.44,1262.6,882.9,663435,766562209.5,45266,TATA
25-04-2025,EQ,1160.2,1165,1130.7,1161.3,1149,1155.7,1153.03,1262.6,882.9,1451946,1674137874,78220,TATA
24-04-2025,EQ,1151,1168.9,1098.3,1150.1,1160.9,1161.3,1140.39,1262.6,882.9,5766752,6576335415,193964,TATA
23-04-2025,EQ,1143,1156.6,1132.6,1136.7,1145,1150.1,1144.21,1262.6,882.9,1760325,2014177316,63417,TATA
22-04-2025,EQ,1121.7,1149,1118.2,1121,1138.6,1136.7,1138.39,1262.6,882.9,1231830,1402308327,59611,TATA
21-04-2025,EQ,1120.2,1129.5,1102.4,1120.2,1121.7,1121,1120.22,1262.6,882.9,692767,776052201.1,36968,TATA
17-04-2025,EQ,1104,1133.8,1094.5,1105.9,1119,1120.2,1117.53,1262.6,882.9,1541674,1722861664,79947,TATA
16-04-2025,EQ,1094.1,1108.9,1086.8,1103.4,1106,1105.9,1099.96,1262.6,882.9,679360,747270154.9,34203,TATA
15-04-2025,EQ,1108.3,1111,1094.1,1097.9,1102.7,1103.4,1101.89,1262.6,882.9,1023355,1127620752,39828,TATA
11-04-2025,EQ,1125,1126,1093.75,1089.75,1100,1097.9,1103.62,1262.6,882.9,1888677,2084376151,60151,TATA
09-04-2025,EQ,1062,1092.95,1060.05,1069.75,1087.55,1089.75,1084.48,1262.6,882.9,2274161,2466272310,84220,TATA
08-04-2025,EQ,1056,1073.5,1044.75,1047.35,1067.1,1069.75,1060.48,1262.6,882.9,1444712,1532084979,65161,TATA
07-04-2025,EQ,1019,1077.7,1019,1087.85,1048,1047.35,1048.84,1262.6,882.9,3200820,3357151617,133539,TATA
04-04-2025,EQ,1065.45,1095.55,1062.9,1071,1088,1087.85,1087.37,1262.6,882.9,4089261,4446526189,117334,TATA
03-04-2025,EQ,1049.9,1075.25,1048.1,1062.7,1068.65,1071,1068.54,1262.6,882.9,1595000,1704322075,56627,TATA
02-04-2025,EQ,1018,1073.15,1015,992.25,1060.8,1062.7,1058.24,1262.6,882.9,8717812,9225501942,219419,TATA
01-04-2025,EQ,1003,1014.55,989.25,1001.9,992.4,992.25,999.17,1262.6,882.9,1045548,1044680910,37298,TATA
28-03-2025,EQ,975.5,1015,975,973.55,1001.9,1001.9,1004.62,1262.6,882.9,2313101,2323784218,93268,TATA
27-03-2025,EQ,963,980.4,952.5,959.65,977.45,973.55,971.33,1262.6,882.9,2585170,2511047794,69685,TATA
26-03-2025,EQ,975,976.3,956.95,970.7,956.95,959.65,962.95,1262.6,882.9,1399118,1347284040,59811,TATA
25-03-2025,EQ,979,979.9,959,970.45,970,970.7,970.33,1262.6,882.9,1569597,1523022891,52311,TATA
24-03-2025,EQ,965.25,976.15,956.5,961.2,974.65,970.45,968.59,1262.6,882.9,1475967,1429608985,49671,TATA
21-03-2025,EQ,968,972.15,956.6,965.85,964,961.2,964.29,1262.6,882.9,3155551,3042874241,67717,TATA
20-03-2025,EQ,953.1,967.7,950.25,949.85,966,965.85,959,1262.6,882.9,2403031,2304498653,55437,TATA
19-03-2025,EQ,947.5,959.85,945.25,946.85,952,949.85,951.16,1262.6,882.9,1650477,1569875109,40877,TATA
18-03-2025,EQ,941.05,950.6,938.15,940.45,948.05,946.85,945.46,1262.6,882.9,2343994,2216149922,59784,TATA
17-03-2025,EQ,946.1,956.5,934.6,946.1,941.4,940.45,942.97,1262.6,882.9,993027,936395504.2,45745,TATA
13-03-2025,EQ,950,955,940.15,945.45,945,946.1,948.5,1269,882.9,907521,860783341.8,36330,TATA
12-03-2025,EQ,951.65,961.75,943.35,959.85,945.15,945.45,948.05,1269,882.9,1619168,1535053038,36847,TATA
11-03-2025,EQ,956,962.4,930.1,957.3,960,959.85,952.96,1269,882.9,2748541,2619247913,42453,TATA
10-03-2025,EQ,960,969.3,953,962.05,956,957.3,962.42,1269,882.9,1660207,1597824425,41166,TATA
07-03-2025,EQ,957,967.4,950.15,958.15,963.9,962.05,961.58,1269,882.9,945675,909340949.8,31824,TATA
06-03-2025,EQ,964,965,943.05,956.8,953.95,958.15,953.75,1269,882.9,2421530,2309537981,90307,TATA
05-03-2025,EQ,948.5,965.95,948,954.55,959.25,956.8,959.74,1269,882.9,2773457,2661797081,56393,TATA
04-03-2025,EQ,945.1,957.85,943.15,953.9,953.1,954.55,952.54,1269,882.9,1916433,1825477594,48825,TATA
03-03-2025,EQ,963.7,970,948.4,963.7,954.25,953.9,955.95,1269,882.9,1323481,1265183143,69044,TATA
28-02-2025,EQ,995,1001.5,957.35,1008,966.3,963.7,969.01,1269,882.9,5082193,4924691454,90874,TATA
27-02-2025,EQ,1005,1010.15,998.25,1004.85,1008,1008,1005.59,1269,882.9,1362115,1369731136,58083,TATA
25-02-2025,EQ,994,1010,993.15,1002.4,1004.95,1004.85,1005.8,1269,882.9,1663313,1672951938,41567,TATA
24-02-2025,EQ,990,1011.1,990,1004,1002,1002.4,1006.24,1269,882.9,1002365,1008617705,49909,TATA
21-02-2025,EQ,1008,1013.65,991.45,1008.9,1002.5,1004,1003.41,1269,882.9,1330146,1334685451,45894,TATA
20-02-2025,EQ,1020,1030.25,1003.65,1025.3,1009,1008.9,1011.18,1269,882.9,878748,888573605.1,60976,TATA
19-02-2025,EQ,1024,1032.85,1021.3,1026.95,1024.45,1025.3,1026.35,1269,882.9,782204,802812467.5,51187,TATA
18-02-2025,EQ,1019.1,1027.95,1018.55,1023.25,1025.45,1026.95,1024.07,1269,882.9,789814,808825273.5,37324,TATA
17-02-2025,EQ,1022,1027.45,1005.05,1022.55,1021.7,1023.25,1017.33,1269,882.9,925113,941147730.5,52337,TATA
14-02-2025,EQ,1027.9,1037.85,1018,1022.8,1019,1022.55,1025.42,1269,882.9,2032391,2084056112,63818,TATA
13-02-2025,EQ,1029.75,1037,1016.85,1029.75,1019.9,1022.8,1028.43,1269,882.9,1169309,1202548953,54802,TATA
12-02-2025,EQ,1019,1039,1010.05,1013.8,1028,1029.75,1025.64,1269,882.9,1082392,1110147986,58643,TATA
11-02-2025,EQ,1029.9,1035.45,1009.1,1027.5,1014.7,1013.8,1023.85,1269,882.9,1204012,1232723647,56036,TATA
10-02-2025,EQ,1020,1036.85,1015.8,1021.2,1027,1027.5,1030.17,1269,882.9,1418998,1461813690,53557,TATA
07-02-2025,EQ,1031.9,1031.9,1012.55,1023.35,1020.7,1021.2,1019.48,1269,882.9,941811,960155210.4,42902,TATA
06-02-2025,EQ,1020.4,1026.3,1010.15,1015.3,1021.8,1023.35,1018.55,1269,882.9,1172479,1194225288,53420,TATA
05-02-2025,EQ,1035.1,1035.25,1010.55,1034.2,1014.95,1015.3,1019.57,1269,882.9,1628436,1660309199,64271,TATA
04-02-2025,EQ,1040,1043.8,1019.05,1036.3,1032.65,1034.2,1029.78,1269,882.9,2251233,2318265824,78783,TATA
03-02-2025,EQ,1067.35,1074.45,1033.65,1069.85,1037,1036.3,1049.17,1269,882.9,1298543,1362396155,88129,TATA
01-02-2025,EQ,1026,1075,1014.75,1024.65,1067.3,1069.85,1053.93,1269,882.9,3077657,3243637831,107241,TATA
31-01-2025,EQ,970,1031.2,967.9,966.7,1027,1024.65,1012.45,1269,882.9,5028986,5091608569,154487,TATA
30-01-2025,EQ,965.95,975,953,960.5,970,966.7,966.25,1269,882.9,1706978,1649368865,81115,TATA
29-01-2025,EQ,961.25,966.65,938,961.25,957.4,960.5,952.47,1269,882.9,1479070,1408774285,62420,TATA
28-01-2025,EQ,970.95,979.25,958,965.8,960.75,961.25,969.15,1269,882.9,1647098,1596292113,64644,TATA
27-01-2025,EQ,989.05,998.4,960,992.35,966.6,965.8,977.81,1269,882.9,1806238,1766164287,68419,TATA
24-01-2025,EQ,988.75,1004,986.4,983.9,992.8,992.35,995.45,1269,882.9,2201712,2191701254,82517,TATA
23-01-2025,EQ,967.35,993.5,961.15,967.4,983,983.9,984.17,1269,882.9,1235360,1215809253,74852,TATA
22-01-2025,EQ,976.9,981.7,958.15,972.1,967.05,967.4,966.65,1269,882.9,1759236,1700567624,60644,TATA
21-01-2025,EQ,961.05,978,957.9,960.3,972,972.1,971.85,1269,882.9,2281022,2216800248,85378,TATA
20-01-2025,EQ,960,968.6,944.45,954.45,960,960.3,957.84,1269,882.9,702848,673217472.7,30393,TATA
17-01-2025,EQ,942,959.35,935.35,937.7,952.4,954.45,951.51,1269,882.9,677451,644603090.9,38965,TATA
16-01-2025,EQ,960,960,926.05,955.55,938,937.7,935.43,1269,882.9,2019985,1889558878,90762,TATA
15-01-2025,EQ,963.15,963.15,944.6,963.15,953,955.55,953.19,1269,882.9,3190709,3041340176,71047,TATA
14-01-2025,EQ,965.7,977,958.6,965.45,959.35,963.15,966.45,1269,882.9,1558290,1506011106,59517,TATA
13-01-2025,EQ,945.2,969.05,945,972.8,965.7,965.45,965.09,1269,882.9,1876479,1810970479,59756,TATA
10-01-2025,EQ,965.2,980,959,970.1,971.95,972.8,972.29,1269,882.9,1443387,1403383651,62555,TATA
09-01-2025,EQ,957.45,982.8,954.5,961.6,966.55,970.1,971.84,1269,882.9,2130681,2070682142,101963,TATA
08-01-2025,EQ,955,963.85,945.45,955,960,961.6,954.9,1269,882.9,1235226,1179522454,51279,TATA
07-01-2025,EQ,952,972,949.75,946.9,955,955,963.65,1269,882.9,2413582,2325846971,89350,TATA
06-01-2025,EQ,935,955,929.1,939.45,950,946.9,943.79,1269,882.9,2692614,2541271086,118698,TATA
03-01-2025,EQ,932.7,941.9,926,929.65,936,939.45,935.99,1269,882.9,1832664,1715356566,56179,TATA
02-01-2025,EQ,921,931.25,913.05,920.3,926.9,929.65,926.24,1269,882.9,1705632,1579823238,60523,TATA
01-01-2025,EQ,913,922.5,911,914.7,920.05,920.3,919.17,1269,882.9,641424,589576706,30549,TATA
31-12-2024,EQ,899,917.15,893.1,903.5,915,914.7,909.02,1269,882.9,1120133,1018227189,47877,TATA
30-12-2024,EQ,907.95,912,898.7,907.95,902.05,903.5,904.56,1269,882.9,1830048,1655396422,64736,TATA
27-12-2024,EQ,902,911.4,899,900.95,906.9,907.95,906.92,1269,882.9,870974,789905392.5,40906,TATA
26-12-2024,EQ,908,911.35,898.6,907.3,900,900.95,903.51,1269,882.9,595956,538452784,42475,TATA
24-12-2024,EQ,904.95,912.95,896.8,902.75,905,907.3,907.84,1269,882.9,1038280,942593704.7,38242,TATA
23-12-2024,EQ,894.95,906,890,889.45,900.4,902.75,898.31,1269,882.9,1054695,947446171.4,54923,TATA
20-12-2024,EQ,907,916.5,882.9,907.1,894.45,889.45,897.62,1269,882.9,2441036,2191121688,76349,TATA
19-12-2024,EQ,908,918,901.1,909.35,907,907.1,911.1,1269,900,2589001,2358839192,81315,TATA
18-12-2024,EQ,905,916.9,904.45,904.9,909.9,909.35,911.11,1269,900,1154541,1051912757,47012,TATA
17-12-2024,EQ,920.35,922,900,920.35,903,904.9,907.16,1269,900,1597108,1448834958,83975,TATA
16-12-2024,EQ,929.7,934.65,917,929.7,920,920.35,922.86,1269,900.5,848667,783199467.8,47563,TATA
13-12-2024,EQ,919.25,931,907.4,921.25,929,929.7,921.91,1269,900.5,1278151,1178337637,66381,TATA
12-12-2024,EQ,937,938.45,916,935.05,922,921.25,920.81,1269,900.5,1913140,1761640059,82904,TATA
11-12-2024,EQ,931.4,942.95,929.4,926.75,934.6,935.05,936.71,1269,900.5,1356603,1270748585,59234,TATA
10-12-2024,EQ,938.5,938.6,925.2,933.95,929.3,926.75,929.37,1269,900.5,1990270,1849690441,62205,TATA
09-12-2024,EQ,974,974,931.5,974.45,934.2,933.95,938.12,1269,900.5,3679131,3451471956,106541,TATA
06-12-2024,EQ,970,976.4,964.1,966.45,975.5,974.45,972.45,1269,900.5,1893714,1841544596,51299,TATA
05-12-2024,EQ,965,970.95,946.25,961.2,965.8,966.45,962.37,1269,900.5,2043341,1966457694,101787,TATA
04-12-2024,EQ,956,963.85,949.65,955,960.2,961.2,958.88,1269,900.5,1236061,1185229608,50537,TATA
03-12-2024,EQ,958.05,959.75,948.65,957,955.9,955,953.18,1269,900.5,1346981,1283910999,93274,TATA
02-12-2024,EQ,958.65,962.85,947.3,958.65,956.15,957,954.73,1269,900.5,916920,875413154.8,52790,TATA
29-11-2024,EQ,941.8,964.4,941.5,941.05,958.9,958.65,958.53,1269,900.5,1482253,1420786905,63521,TATA
28-11-2024,EQ,960,972.7,938.3,960.05,945.8,941.05,950.23,1269,900.5,1834887,1743569118,114123,TATA
27-11-2024,EQ,964,965.1,952.7,963.55,961.25,960.05,958.63,1269,900.5,786040,753518759.1,46046,TATA
26-11-2024,EQ,960,967.45,951.95,955.7,963.45,963.55,961.49,1269,900.5,638057,613485418.5,37828,TATA
25-11-2024,EQ,950,962.75,946.6,945.2,955.6,955.7,955.62,1269,900.5,2468847,2359278889,74102,TATA
22-11-2024,EQ,916.25,948.5,912.85,911.7,943,945.2,938.93,1269,900.5,1427895,1340689800,73495,TATA
21-11-2024,EQ,917.15,922,900.5,917.15,913.5,911.7,911.31,1269,900.5,1550618,1413095429,90152,TATA
19-11-2024,EQ,935,940.5,915.05,930.75,917.65,917.15,928.96,1269,906,1844903,1713839316,73737,TATA
18-11-2024,EQ,929.8,942.5,916,925,932,930.75,928.46,1269,906,2193819,2036880090,89800,TATA
14-11-2024,EQ,950,955.25,922,952.75,930.4,925,934.99,1269,906,1950720,1823903628,104335,TATA
13-11-2024,EQ,965,969.95,950,967.55,954,952.75,957.41,1269,906,948691,908290874.7,60759,TATA
12-11-2024,EQ,975.95,986.35,965.55,975.95,967,967.55,972.67,1269,906,968082,941626003.1,48845,TATA
11-11-2024,EQ,993.2,997.95,973.25,992.95,976.85,975.95,985.68,1269,906,1108758,1092878146,58678,TATA
08-11-2024,EQ,989,997.3,975.4,984.85,992.5,992.95,991.21,1269,896.5,973252,964698930.6,49134,TATA
07-11-2024,EQ,1007.5,1010,983.55,1007.05,986.3,984.85,989.71,1269,896.5,1144864,1133084891,52630,TATA
06-11-2024,EQ,1002,1010.65,997.9,1000.75,1004.05,1007.05,1006.02,1269,896.5,683591,687707219.6,40357,TATA
05-11-2024,EQ,985.1,1013.1,985.1,994.6,999.7,1000.75,1003.25,1269,896.5,1163041,1166823461,52389,TATA
04-11-2024,EQ,998,1000.95,976.05,1004.1,994.5,994.6,987.93,1269,896.5,1427199,1409977941,64019,TATA
01-11-2024,EQ,1002.55,1012,1000,1002.55,1004.2,1004.1,1005.06,1269,880.2,212772,213848667.1,13224,TATA
31-10-2024,EQ,1025,1027.9,997.1,1022.7,1002.4,1002.55,1004.66,1269,880.2,1381633,1388066214,76018,TATA
30-10-2024,EQ,991.25,1027,988.15,992.05,1022.2,1022.7,1018.15,1269,880.2,2048134,2085313025,80224,TATA
29-10-2024,EQ,982,995.3,973.8,975.9,992.45,992.05,987.54,1269,880.2,1256095,1240449074,61943,TATA
28-10-2024,EQ,973.05,983.35,964,973.05,980.4,975.9,974.41,1269,880.2,2364081,2303588005,122219,TATA
25-10-2024,EQ,996.9,1003.55,970.5,996.45,974.6,973.05,980.82,1269,872,2258366,2215056550,81495,TATA
24-10-2024,EQ,1017.95,1022.1,994.9,1014.55,997.6,996.45,1003.2,1269,872,2014701,2021150586,107497,TATA
23-10-2024,EQ,1000,1016.8,995,998.25,1016,1014.55,1009.28,1269,872,1936612,1954584103,80276,TATA
22-10-2024,EQ,1023.3,1023.85,994.5,1017.05,999.85,998.25,1003.77,1269,872,2742491,2752839783,127208,TATA
21-10-2024,EQ,1047,1059.45,986.35,1093.25,1015.9,1017.05,1009.6,1269,872,11484692,11594934034,319862,TATA
18-10-2024,EQ,1090.15,1098.15,1072.05,1090.15,1097,1093.25,1085.04,1269,872,953926,1035045485,50516,TATA
17-10-2024,EQ,1113,1117,1087.65,1113.95,1088.5,1090.15,1096,1269,872,975432,1069070987,53313,TATA
16-10-2024,EQ,1115.2,1120,1102.1,1115.25,1114.75,1113.95,1111.21,1269,872,738403,820523642.4,43994,TATA
15-10-2024,EQ,1116,1119,1106.1,1113.55,1115.75,1115.25,1113.48,1269,872,768815,856059783.6,36403,TATA
14-10-2024,EQ,1120,1138,1105.6,1113.1,1115,1113.55,1113.05,1269,872,513799,571882347.5,33927,TATA
11-10-2024,EQ,1118,1122.35,1101.65,1114.15,1114,1113.1,1111.57,1269,866.8,569469,633001896.7,34307,TATA
10-10-2024,EQ,1117.8,1129,1111.4,1117.8,1116.35,1114.15,1118.1,1269,866.8,1176370,1315303211,78107,TATA
09-10-2024,EQ,1127,1132,1110,1119.05,1121,1117.8,1118.22,1269,866.8,1322027,1478311002,58781,TATA
08-10-2024,EQ,1111.4,1124.4,1105.45,1111.4,1123.9,1119.05,1114.53,1269,866.8,1738272,1937363566,81862,TATA
07-10-2024,EQ,1130.4,1142.65,1106.95,1130.4,1115.95,1111.4,1118.62,1269,866.8,1542124,1725054005,68854,TATA
04-10-2024,EQ,1150,1154.75,1125.2,1152.75,1136.3,1130.4,1138.71,1269,855,1773781,2019820080,78875,TATA
03-10-2024,EQ,1186,1190,1150.15,1196.25,1155.2,1152.75,1161.65,1269,855,1912206,2221307562,92483,TATA
01-10-2024,EQ,1196.95,1205.45,1191.6,1196.95,1195,1196.25,1197.17,1269,855,892381,1068332277,58771,TATA
30-09-2024,EQ,1194.95,1213.65,1194.95,1201.55,1197,1196.95,1200.53,1269,855,1223096,1468365054,44540,TATA
27-09-2024,EQ,1213.95,1215.7,1199,1213.45,1202,1201.55,1205.26,1269,855,2177204,2624090765,74731,TATA
26-09-2024,EQ,1195,1217,1191.15,1189.6,1210.95,1213.45,1205.19,1269,855,2323705,2800499638,106338,TATA
25-09-2024,EQ,1213.9,1216,1182.05,1211.65,1189,1189.6,1190.36,1269,855,2448744,2914898474,75670,TATA
24-09-2024,EQ,1216,1227.9,1210.05,1211.55,1213.9,1211.65,1214.9,1269,855,3393528,4122802787,50801,TATA
23-09-2024,EQ,1222,1233.65,1210.25,1216.85,1212.4,1211.55,1217.88,1269,855,2818001,3431987173,74709,TATA
20-09-2024,EQ,1220,1230.95,1213.35,1215.25,1220.6,1216.85,1219.83,1269,855,3533125,4309796616,85596,TATA
19-09-2024,EQ,1207,1225.6,1204.05,1200.85,1216,1215.25,1216.49,1269,855,2737652,3330322560,70782,TATA
18-09-2024,EQ,1220.25,1223.4,1194,1220.25,1202.1,1200.85,1203.62,1269,855,930896,1120445977,42231,TATA
17-09-2024,EQ,1223,1234.3,1212.15,1218.5,1218.1,1220.25,1221.26,1269,855,1450593,1771554540,39585,TATA
16-09-2024,EQ,1220,1223.75,1207,1210.3,1220,1218.5,1216.97,1269,855,984584,1198207117,45496,TATA
13-09-2024,EQ,1226,1227,1208.05,1222.75,1209.9,1210.3,1211.85,1269,854.75,1569211,1901642298,36277,TATA
12-09-2024,EQ,1210,1225.95,1199.35,1204.4,1223,1222.75,1210.69,1269,854.75,2635403,3190654262,102064,TATA
11-09-2024,EQ,1209.9,1219,1201.25,1204.15,1203.35,1204.4,1209.29,1269,854.75,1837013,2221478697,70635,TATA
10-09-2024,EQ,1200,1212.95,1196.25,1192.05,1201.55,1204.15,1206.69,1269,854.75,1815998,2191355275,90030,TATA
09-09-2024,EQ,1173.85,1195.95,1169.9,1173.85,1190.65,1192.05,1189.32,1269,854.75,1969830,2342753532,92282,TATA
06-09-2024,EQ,1188,1191.75,1168.75,1188.65,1175,1173.85,1177.09,1269,837,989655,1164908998,44843,TATA
05-09-2024,EQ,1199.5,1206.85,1185.65,1194.95,1187.4,1188.65,1194.21,1269,837,1062421,1268749123,41443,TATA
04-09-2024,EQ,1196.05,1198.95,1175,1199,1193.45,1194.95,1186.82,1269,837,1633635,1938828301,53326,TATA
12-07-2025,EQ,904.95,912.95,896.8,902.75,905,907.3,907.84,1269,882.9,1038280,942593704.7,38242,TATA
23-12-2024,EQ,894.95,906,890,889.45,900.4,902.75,898.31,1269,882.9,1054695,947446171.4,54923,TATA
30-08-2024,EQ,1195,1207.5,1195,1198.45,1202.5,1200.15,1200.2,1269,828.25,2550399,3060989865,59289,TATA
29-08-2024,EQ,1201.15,1208.9,1185.25,1201.15,1195,1198.45,1196.97,1269,828.25,1062444,1271717219,66299,TATA
28-08-2024,EQ,1210,1215.35,1196.6,1209.6,1197.3,1201.15,1205.96,1269,828.25,779730,940322031.5,39755,TATA
27-08-2024,EQ,1220,1220.55,1208,1220.05,1210,1209.6,1213.04,1269,828.25,483025,585926454.6,26355,TATA
26-08-2024,EQ,1205,1221.85,1194.05,1196.8,1220,1220.05,1214.51,1269,828.25,1045317,1269547779,51598,TATA
23-08-2024,EQ,1212,1215,1194.9,1205.8,1196,1196.8,1203.98,1269,828.25,852159,1025978657,34002,TATA
22-08-2024,EQ,1184.05,1209.85,1181,1177.55,1206,1205.8,1201,1269,828.25,2041300,2451598940,75703,TATA
21-08-2024,EQ,1171.95,1181,1167.05,1171.2,1180,1177.55,1173.8,1269,828.25,802420,941879805.1,37354,TATA
20-08-2024,EQ,1182.95,1182.95,1166.75,1177.4,1171.45,1171.2,1171.67,1269,828.25,673329,788916982.5,40642,TATA
19-08-2024,EQ,1198,1200,1171.55,1187.75,1176.5,1177.4,1178.63,1269,828.25,682374,804264767.7,35525,TATA
16-08-2024,EQ,1168,1190.65,1168,1167.55,1187.15,1187.75,1182.59,1269,828.25,831846,983733782.4,46146,TATA
14-08-2024,EQ,1187,1187.1,1158.7,1178.8,1167.4,1167.55,1168.5,1269,828.25,991108,1158113290,63434,TATA
13-08-2024,EQ,1172.7,1182.75,1167.6,1170.8,1180.85,1178.8,1177.56,1269,828.25,785371,924820661.1,43592,TATA
12-08-2024,EQ,1176,1184.35,1166.05,1186.15,1172.65,1170.8,1174.99,1269,828.25,787584,925407144.7,52309,TATA
09-08-2024,EQ,1188.9,1188.9,1180,1178.3,1183.15,1186.15,1185.3,1269,828.25,489864,580636782.1,29354,TATA
08-08-2024,EQ,1192,1195,1174,1199.6,1176.05,1178.3,1180.51,1269,828.25,1298997,1533476969,67004,TATA
07-08-2024,EQ,1182.55,1207.75,1182.55,1185.6,1200,1199.6,1199.14,1269,828.25,759323,910538025.5,47616,TATA
06-08-2024,EQ,1200,1212.1,1182.85,1199.4,1187,1185.6,1197.8,1269,828.25,1304014,1561952119,58708,TATA
05-08-2024,EQ,1176,1213.6,1151,1193.65,1202,1199.4,1200.25,1269,828.25,3718458,4463084900,148915,TATA
02-08-2024,EQ,1200,1220,1190,1208.35,1192.4,1193.65,1204.38,1269,828.25,1262150,1520106576,61455,TATA
01-08-2024,EQ,1188.95,1216,1188,1188.95,1210,1208.35,1205.36,1269,828.25,1675363,2019412646,71592,TATA
31-07-2024,EQ,1193,1193,1167,1194.9,1188,1188.95,1180.91,1269,828.25,2994289,3535977827,95396,TATA
30-07-2024,EQ,1206,1211.4,1189.2,1201.4,1195,1194.9,1197.28,1269,828.25,1331004,1593582370,78851,TATA
29-07-2024,EQ,1215,1222,1185,1213.65,1200.05,1201.4,1194.77,1269,828.25,1944124,2322785631,80688,TATA
26-07-2024,EQ,1216.05,1218.95,1205.4,1223.6,1212.8,1213.65,1211.41,1269,828.25,802492,972144680.6,37565,TATA
25-07-2024,EQ,1232,1235,1208.85,1231.25,1224,1223.6,1223.6,1269,828.25,2498031,3056590633,86306,TATA
24-07-2024,EQ,1257,1257.7,1217.4,1256.9,1233,1231.25,1229.6,1269,828.25,3325998,4089647211,121094,TATA
23-07-2024,EQ,1215,1262.6,1200.25,1204.8,1258,1256.9,1237.43,1269,828.25,5140297,6360780407,167465,TATA
22-07-2024,EQ,1185,1210.9,1182.25,1188,1206,1204.8,1201.75,1269,828.25,1698551,2041239695,83910,TATA
19-07-2024,EQ,1200,1200.1,1183,1193.4,1187.45,1188,1191.29,1269,828.25,1385064,1650019677,68905,TATA
18-07-2024,EQ,1175,1194.6,1170,1176.25,1192.7,1193.4,1184.98,1269,828.25,2559563,3033037286,117654,TATA
16-07-2024,EQ,1148.8,1179,1142.75,1148.8,1175,1176.25,1169.6,1269,828.25,2152821,2517939068,77235,TATA
15-07-2024,EQ,1152.5,1157,1139.8,1152.25,1146.75,1148.8,1146.91,1269,828.25,1201063,1377511151,41894,TATA
14-07-2024,EQ,1171.95,1181,1167.05,1171.2,1180,1177.55,1173.8,1269,828.25,802420,941879805.1,37354,TATA
13-07-2024,EQ,1182.95,1182.95,1166.75,1177.4,1171.45,1171.2,1171.67,1269,828.25,673329,788916982.5,40642,TATA
12-07-2024,EQ,1135,1154,1130.05,1131.4,1152,1152.25,1146.22,1269,822,1092749,1252527944,52913,
11-07-2024,EQ,1150.55,1153.4,1125.5,1150.8,1130.25,1131.4,1135.85,1269,822,1883264,2139105420,75404,
10-07-2024,EQ,1142.2,1156.75,1130,1142.2,1146.25,1150.8,1146.61,1269,822,1015150,1163983017,48587,
09-07-2024,EQ,1161.4,1168.5,1140,1150.8,1142,1142.2,1149.3,1269,822,1545936,1776746425,75317,
08-07-2024,EQ,1138,1164,1136,1137.4,1150,1150.8,1151.37,1269,822,1958676,2255153843,59194,
05-07-2024,EQ,1135.4,1150.95,1132.7,1135.2,1135.3,1137.4,1139.68,1269,822,1281630,1460641932,46350,
04-07-2024,EQ,1147.55,1154.8,1133.3,1146.35,1136.7,1135.2,1147.39,1269,822,2113837,2425397190,118371,
03-07-2024,EQ,1114,1148.6,1112.05,1105,1144.25,1146.35,1135.27,1269,822,4406793,5002900514,150349,
02-07-2024,EQ,1096,1110,1080,1094.55,1110,1105,1096.68,1269,822,2026189,2222083259,59555,
01-07-2024,EQ,1090.1,1097.45,1088,1097.45,1096,1094.55,1092.17,1269,822,767705,838462788,48558,
28-06-2024,EQ,1085.6,1104,1085,1085.6,1098,1097.45,1096.02,1269,822,1129490,1237947140,55557,
27-06-2024,EQ,1090.1,1096.45,1077.85,1086.9,1084,1085.6,1083.97,1269,822,2272855,2463707339,116474,
26-06-2024,EQ,1095.05,1099.8,1083.1,1094.6,1089.3,1086.9,1087.9,1269,822,1003738,1091968273,62830,
25-06-2024,EQ,1108.15,1108.2,1090,1101.95,1094.5,1094.6,1096.69,1269,822,932314,1022457523,51047,
24-06-2024,EQ,1080.15,1104,1077.15,1084.9,1103.9,1101.95,1095.54,1269,822,912255,999408675.3,42497,
21-06-2024,EQ,1103.3,1105,1081.8,1103.25,1085,1084.9,1089.81,1269,822,1634958,1781801400,59806,
20-06-2024,EQ,1108.05,1108.35,1096.1,1105.6,1103.05,1103.25,1100.69,1269,822,1223872,1347098207,72536,
19-06-2024,EQ,1129.7,1130.9,1103,1126.9,1104.7,1105.6,1114.25,1269,822,1201455,1338726888,53806,
18-06-2024,EQ,1112.45,1128.3,1112.45,1112.45,1125.95,1126.9,1123.49,1269,822,1161864,1305341335,38089,
14-06-2024,EQ,1114.6,1124.95,1110.1,1114.6,1112.7,1112.45,1117.7,1269,799.35,1107470,1237814740,47773,
13-06-2024,EQ,1130,1133,1104.05,1124.65,1114,1114.6,1113.13,1269,799.35,1605436,1787064372,68019,
12-06-2024,EQ,1142,1142,1123.5,1135.6,1125.25,1124.65,1129.69,1269,799.35,773116,873380836.6,38797,
11-06-2024,EQ,1133.05,1144.8,1126.7,1133.05,1134.85,1135.6,1138.57,1269,799.35,805013,916565518.8,35213,
10-06-2024,EQ,1139,1143.45,1125.65,1135.65,1130,1133.05,1136.34,1269,799.35,1392359,1582190228,50902,
07-06-2024,EQ,1149,1149,1131.6,1139.9,1135,1135.65,1136.81,1269,784.45,1877248,2134075531,65214,
06-06-2024,EQ,1148,1148,1119.6,1142.4,1143.5,1139.9,1134.48,1269,784.45,2655137,3012197966,127431,
05-06-2024,EQ,1109,1160,1093.15,1087,1139.05,1142.4,1139.07,1269,784.45,6089603,6936475068,250489,
04-06-2024,EQ,1069.15,1092.6,1028.9,1069.15,1087.1,1087,1074.9,1269,784.45,3223165,3464565150,140926,
03-06-2024,EQ,1076.4,1082.9,1063.35,1060.25,1070.1,1069.15,1072.59,1269,784.45,1323788,1419884874,58902,
31-05-2024,EQ,1069.7,1070.8,1048.3,1067.2,1054.75,1060.25,1060.88,1269,784.45,4787041,5078477105,92460,
30-05-2024,EQ,1071,1074.45,1052,1071.3,1073.95,1067.2,1059.57,1269,784.45,2743237,2906655971,121993,
29-05-2024,EQ,1085,1090,1068,1095.55,1071.8,1071.3,1080.1,1269,784.45,1526469,1648733403,55538,
28-05-2024,EQ,1089,1097.95,1080,1087.9,1090.35,1095.55,1089.9,1269,784.45,981637,1069889627,49049,
27-05-2024,EQ,1099,1110,1086.65,1098.25,1087.05,1087.9,1098.14,1269,784.45,1881215,2065835697,46573,
24-05-2024,EQ,1111,1111,1096,1117.95,1099.05,1098.25,1102.66,1269,760.2,1424791,1571057191,51532,
23-05-2024,EQ,1127.45,1131.2,1104,1120.35,1119.45,1117.95,1116.96,1269,760.2,2087340,2331468490,93238,
22-05-2024,EQ,1100,1122,1093.95,1093.95,1121.4,1120.35,1112.81,1269,760.2,2032291,2261554983,104452,
21-05-2024,EQ,1089,1097.6,1088.95,1095.2,1093,1093.95,1093.7,1269,760.2,906092,990989077.1,60239,
18-05-2024,EQ,1095,1098.25,1090.25,1095.2,1095,1095.2,1094.77,1269,756.45,70507,77188760.3,4162,
17-05-2024,EQ,1093,1101.2,1089.15,1099.75,1096,1095.2,1094.95,1269,756.45,1069069,1170572519,58940,
16-05-2024,EQ,1071,1102.55,1057.85,1068.9,1098.35,1099.75,1077.38,1269,756.45,2665288,2871515110,175300,
15-05-2024,EQ,1086,1090.85,1056,1085.45,1070,1068.9,1075.31,1269,756.45,1920081,2064674054,82521,
14-05-2024,EQ,1096,1098.4,1082.2,1096.95,1086,1085.45,1089,1269,756.45,1194960,1301308287,57857,
13-05-2024,EQ,1086.1,1101,1076.05,1090.95,1096,1096.95,1088.29,1269,756.45,933422,1015834248,63869,
10-05-2024,EQ,1087.95,1093.95,1067.65,1085.05,1089,1090.95,1085.13,1269,756.45,1080599,1172588462,60735,
09-05-2024,EQ,1114,1114.7,1078,1115.05,1083,1085.05,1092.22,1269,756.45,1743688,1904495293,103352,
08-05-2024,EQ,1102.4,1117.85,1095.15,1099.4,1114,1115.05,1111.2,1269,756.45,1071294,1190423300,53237,
07-05-2024,EQ,1095.05,1121.55,1090.1,1098.15,1099,1099.4,1104.86,1269,756.45,2614541,2888707049,112589,
06-05-2024,EQ,1105,1109.65,1090.05,1094.3,1099,1098.15,1100.01,1269,756.45,1076304,1183943734,49994,
03-05-2024,EQ,1095,1114.9,1089.8,1091.15,1095,1094.3,1103.27,1269,756.45,2935813,3239003011,75566,
02-05-2024,EQ,1114,1114,1081.1,1108.35,1092.45,1091.15,1093.32,1269,756.45,3423995,3743533094,166178,
30-04-2024,EQ,1099.9,1114.25,1095.65,1098.5,1107.55,1108.35,1107.77,1269,756.45,2504796,2774749669,74802,
29-04-2024,EQ,1108.9,1110.4,1088.9,1102.65,1100.4,1098.5,1096.61,1269,756.45,2254895,2472749851,95386,
26-04-2024,EQ,1111.8,1111.8,1084.05,1106.25,1100.75,1102.65,1097.62,1269,706,3426210,3760677002,133419,
25-04-2024,EQ,1116,1116,1077.4,1110.15,1104.85,1106.25,1094.89,1269,706,6233672,6825156268,273667,
24-04-2024,EQ,1106,1137.7,1104,1173.35,1109,1110.15,1118.61,1269,706,6447489,7212222673,267351,
23-04-2024,EQ,1173,1179.9,1152,1170.95,1172,1173.35,1167.55,1269,706,1930671,2254154456,80804,
22-04-2024,EQ,1140.95,1177.8,1140.95,1138.1,1175.5,1170.95,1165.73,1269,706,2299311,2680375141,88287,
19-04-2024,EQ,1104.5,1150.6,1104.05,1134.55,1137.35,1138.1,1133.58,1269,696.45,2160942,2449601775,96405,
18-04-2024,EQ,1143,1159,1127.55,1135.65,1140,1134.55,1142.57,1269,696.45,2573549,2940452589,121006,
16-04-2024,EQ,1117,1138.9,1113.95,1130.65,1137,1135.65,1132.97,1269,696.45,1051408,1191209610,51387,
15-04-2024,EQ,1125,1136.7,1111,1149.45,1131,1130.65,1126.58,1269,696.45,1990224,2242143682,98298,
12-04-2024,EQ,1144.35,1156.65,1134.45,1145.3,1144.7,1149.45,1148.23,1269,696.45,2006949,2304442653,72445,
10-04-2024,EQ,1130,1151.5,1118.7,1125.6,1138.3,1145.3,1137.13,1269,696.45,1374918,1563464683,98445,
09-04-2024,EQ,1141,1141,1121.5,1137.35,1125.6,1125.6,1128.11,1269,696.45,1184800,1336586231,44456,
08-04-2024,EQ,1120,1140.45,1117,1115.55,1137.35,1137.35,1134.4,1269,696.45,1833218,2079608697,55113,
05-04-2024,EQ,1116,1124.9,1111,1117.95,1116.25,1115.55,1116.57,1269,696.45,627856,701046346.4,49066,
04-04-2024,EQ,1132.8,1132.9,1108.55,1119.5,1121.2,1117.95,1118.5,1269,696.45,2403608,2688442487,141360,
03-04-2024,EQ,1129,1129,1112.8,1131.15,1120,1119.5,1121.91,1269,696.45,1133287,1271448146,59680,
02-04-2024,EQ,1091.8,1133.4,1085.1,1086.9,1130.95,1131.15,1103.85,1269,696.45,5107047,5637389959,104903,
01-04-2024,EQ,1100,1104.4,1083.1,1096.2,1087.7,1086.9,1091.34,1269,696.45,2229535,2433180085,61607,
28-03-2024,EQ,1103.9,1109,1093.65,1091.05,1100,1096.2,1099.49,1269,690,6721940,7390735636,120939,
27-03-2024,EQ,1115.35,1117,1084.1,1112.55,1098,1091.05,1101.82,1269,690,1962948,2162822715,76368,
26-03-2024,EQ,1105.35,1121.1,1105.35,1122.75,1114,1112.55,1113.8,1269,690,2407110,2681041400,112542,
22-03-2024,EQ,1133.95,1140,1119,1133.95,1123.7,1122.75,1125.02,1269,690,1696377,1908458611,70308,
21-03-2024,EQ,1134,1138.95,1121.5,1124.05,1136,1133.95,1132.27,1269,690,1901034,2152483100,73465,
20-03-2024,EQ,1143.1,1153.4,1111.7,1146.25,1122.45,1124.05,1125.25,1269,690,2070193,2329492196,104758,
19-03-2024,EQ,1184.9,1184.9,1139.85,1186.95,1149.75,1146.25,1152.8,1269,690,2152306,2481188387,109316,
18-03-2024,EQ,1213.05,1217.65,1184.3,1212.15,1188.5,1186.95,1192.65,1269,690,803158,957882939.3,37164,
15-03-2024,EQ,1200,1219.85,1175.9,1198.35,1210,1212.15,1204.69,1269,686.6,2843465,3425508031,62518,
14-03-2024,EQ,1160.05,1205.05,1160.05,1178.95,1202.8,1198.35,1192.08,1269,686.6,2211062,2635759802,98884,
13-03-2024,EQ,1215.5,1217.4,1170.7,1215.2,1179,1178.95,1190.41,1269,686.6,2050756,2441235777,97215,
12-03-2024,EQ,1227.45,1227.85,1209.15,1220.65,1217.75,1215.2,1216.12,1269,686.6,1089396,1324837740,75265,
11-03-2024,EQ,1263,1269,1209,1261.55,1223,1220.65,1224.52,1269,686.6,2609165,3194985469,124557,
07-03-2024,EQ,1228,1268.9,1216.75,1220.05,1265,1261.55,1246.41,1268.9,686.6,3522952,4391033684,131787,
06-03-2024,EQ,1203.8,1223,1192,1200.6,1219.5,1220.05,1209.51,1223,686.6,1367260,1653715433,76186,
05-03-2024,EQ,1206.85,1211.9,1196,1203.25,1200,1200.6,1202.43,1214,686.6,867925,1043622297,53199,
04-03-2024,EQ,1206.95,1214,1190,1207.25,1202.55,1203.25,1201.71,1214,686.6,790960,950503042.5,75562,
02-03-2024,EQ,1209,1213,1200,1201,1207,1207.25,1206.75,1213.65,686.6,149379,180262599.1,9734,
01-03-2024,EQ,1204,1213.65,1194.25,1190.05,1199.3,1201,1204.11,1213.65,686.6,1804771,2173146580,59804,
29-02-2024,EQ,1166.95,1199,1150.6,1167.95,1192,1190.05,1184.86,1205,686.6,2722341,3225602469,95895,
28-02-2024,EQ,1189.75,1205,1163.1,1183.6,1163.1,1167.95,1189.07,1205,686.6,2170054,2580356822,97849,
27-02-2024,EQ,1182,1189.7,1174.95,1177.1,1181,1183.6,1183.28,1190.95,686.6,1584564,1874977287,76748,
26-02-2024,EQ,1159,1182.8,1149.45,1160.3,1178,1177.1,1167.87,1190.95,686.6,1292210,1509129776,64641,
23-02-2024,EQ,1158,1165.6,1155.2,1159.5,1158.6,1160.3,1160.18,1190.95,686.6,1280859,1486029676,64777,
22-02-2024,EQ,1161,1164.75,1142.45,1160.75,1156.7,1159.5,1152.45,1190.95,686.6,1689403,1946948709,99777,
21-02-2024,EQ,1155,1171.9,1150.05,1154.4,1158,1160.75,1160.84,1190.95,686.6,1445959,1678534256,80717,
20-02-2024,EQ,1154.5,1159,1138.8,1155,1153,1154.4,1150.23,1190.95,686.6,1056193,1214867231,58462,
19-02-2024,EQ,1150,1164.25,1144.5,1147.45,1154.5,1155,1155.85,1190.95,686.6,961914,1111826780,42333,
16-02-2024,EQ,1135,1149.4,1132.4,1131.4,1148.95,1147.45,1143.59,1190.95,686.6,1213292,1387505628,48787,
15-02-2024,EQ,1140.05,1146.75,1127.25,1135.6,1134.35,1131.4,1134.79,1190.95,686.6,1278358,1450670682,60290,
14-02-2024,EQ,1135.05,1139.85,1120,1137.8,1139,1135.6,1129.04,1190.95,686.6,1206706,1362415623,49150,
13-02-2024,EQ,1123,1141.3,1118.2,1122.2,1137,1137.8,1131.33,1190.95,686.6,886148,1002527784,54226,
12-02-2024,EQ,1130.05,1134.4,1075,1129.25,1121.9,1122.2,1123.89,1190.95,686.6,898953,1010325741,42725,
09-02-2024,EQ,1142,1149.4,1119.85,1137.9,1128,1129.25,1132.66,1190.95,686.6,917196,1038871730,48645,
08-02-2024,EQ,1160,1162.9,1125,1166.2,1140.95,1137.9,1140.1,1190.95,686.6,2477973,2825126990,136361,
07-02-2024,EQ,1168.05,1175,1153.05,1163.55,1170.7,1166.2,1164.54,1190.95,686.6,864874,1007184238,56908,
06-02-2024,EQ,1142.1,1166.8,1142.1,1150.75,1160.55,1163.55,1158.74,1190.95,686.6,1219085,1412599356,57085,
05-02-2024,EQ,1169.9,1177,1146.3,1162.75,1152.5,1150.75,1161.31,1190.95,686.6,1266268,1470526140,64374,
02-02-2024,EQ,1132,1170.7,1132,1129.65,1162.85,1162.75,1147.4,1190.95,686.6,1741322,1998000795,60775,
01-02-2024,EQ,1118,1134.9,1108,1118,1132,1129.65,1119.38,1190.95,686.6,4728358,5292835709,100332,
31-01-2024,EQ,1125,1127.5,1112,1122.9,1119,1118,1117.89,1190.95,686.6,2428738,2715059742,91841,
30-01-2024,EQ,1144.95,1147.2,1120.65,1141.05,1125.55,1122.9,1132.01,1190.95,686.6,798009,903351484.7,42356,
29-01-2024,EQ,1136.75,1149.2,1135,1136.75,1142,1141.05,1141.98,1190.95,686.6,1588430,1813949162,63480,
25-01-2024,EQ,1160,1163.65,1132.35,1159,1135,1136.75,1144.68,1190.95,686.6,1125321,1288127051,54429,
24-01-2024,EQ,1145.6,1161,1134,1145.65,1160,1159,1150.26,1190.95,686.6,1040096,1196378877,41118,
23-01-2024,EQ,1158.95,1166,1138.25,1150.1,1145.1,1145.65,1151.5,1190.95,686.6,933643,1075090625,57704,
20-01-2024,EQ,1168,1169,1148.1,1161.7,1151,1150.1,1156.27,1190.95,686.6,332777,384781384.3,19120,
19-01-2024,EQ,1156.75,1165.6,1146.7,1146.8,1159.55,1161.7,1157.28,1190.95,686.6,900162,1041742950,50021,
18-01-2024,EQ,1134.95,1150,1122.5,1138.6,1143.85,1146.8,1138.7,1190.95,686.6,1218211,1387175843,86852,
17-01-2024,EQ,1134,1152.95,1131.9,1143.7,1138,1138.6,1142.18,1190.95,686.6,1272932,1453920475,59792,
16-01-2024,EQ,1152.55,1162.55,1142,1150.8,1146,1143.7,1152.47,1190.95,686.6,1449691,1670718326,70087,
15-01-2024,EQ,1190,1190.95,1134.75,1159,1152.5,1150.8,1152.01,1190.95,686.6,4237485,4881610595,133829,
12-01-2024,EQ,1125.45,1165.55,1123.85,1119.25,1154.1,1159,1153.09,1165.55,686.6,6018282,6939622816,139807,
11-01-2024,EQ,1117,1124.95,1112.05,1113.95,1120,1119.25,1118.51,1131.15,686.6,1084035,1212503027,58045,
10-01-2024,EQ,1112,1117.7,1101,1111.65,1114.9,1113.95,1109.59,1131.15,686.6,933127,1035386978,50039,
09-01-2024,EQ,1106,1120.15,1106,1104.95,1108.7,1111.65,1114.28,1131.15,686.6,998355,1112446405,56020,
08-01-2024,EQ,1125.05,1129,1094.65,1122.95,1102.1,1104.95,1105.43,1131.15,686.6,1722755,1904378531,100670,
05-01-2024,EQ,1125,1131.15,1117.05,1125.55,1120.8,1122.95,1124.24,1131.15,686.6,1207155,1357133128,51090,
04-01-2024,EQ,1088.1,1128.6,1086.15,1084.95,1123.65,1125.55,1117.08,1128.6,686.6,2777186,3102330438,125598,
03-01-2024,EQ,1097.95,1099.1,1082.7,1097.75,1089.8,1084.95,1090.99,1103.05,686.6,1100701,1200848343,60395,
02-01-2024,EQ,1086.35,1103.05,1079.5,1080.1,1097.5,1097.75,1093.86,1103.05,686.6,2635193,2882541418,111067,
01-01-2024,EQ,1093.85,1093.85,1076,1086.8,1079.75,1080.1,1083.11,1094,686.6,936544,1014378482,53508,
29-12-2023,EQ,1053.95,1094,1047.7,1041,1089,1086.8,1076.92,1094,686.6,5017576,5403539954,158474,
28-12-2023,EQ,1030.75,1050,1025.3,1026.75,1048.55,1041,1034.62,1050,686.6,2052402,2123460751,105204,
27-12-2023,EQ,1014.95,1029,1010.1,1007.35,1027,1026.75,1019.9,1029,686.6,1799498,1835303185,100036,
26-12-2023,EQ,993,1017,992.8,992.8,1006.5,1007.35,1008.7,1017,686.6,1804990,1820687823,73087,
22-12-2023,EQ,986,998.3,979.65,979.3,989.85,992.8,991.21,1010,686.6,1491449,1478340079,68028,
21-12-2023,EQ,976,983.9,963.05,976.3,978.65,979.3,977.01,1010,686.6,1588905,1552383265,86494,
20-12-2023,EQ,975,1010,966.15,966.15,976.05,976.3,989.81,1010,686.6,4465789,4420262190,149138,
19-12-2023,EQ,953,978,949.15,949.7,967.85,966.15,969.38,978,686.6,3897491,3778165059,130767,
18-12-2023,EQ,956,958.2,945.3,954.7,947,949.7,952.34,963,686.6,999922,952268930.2,42970,
15-12-2023,EQ,959.95,959.95,948.9,950.45,952.3,954.7,954.2,963,686.6,1155502,1102581399,54170,
14-12-2023,EQ,960.8,960.8,944.1,957.3,953.5,950.45,950.95,963,686.6,1980762,1883602151,79217,
13-12-2023,EQ,948,959.7,946.5,948.75,956.15,957.3,954.12,963,686.6,899820,858539105,35589,
12-12-2023,EQ,953.05,961.95,943.6,950.45,949.65,948.75,952.95,963,686.6,732063,697619681.3,41454,
11-12-2023,EQ,949.9,953,944.05,946.6,951.25,950.45,949.2,963,686.6,476174,451982544.4,25288,
08-12-2023,EQ,960,961.85,943.8,956.9,946.5,946.6,950.64,963,686.6,649090,617051675.7,47533,
07-12-2023,EQ,952,959.55,950.05,951.7,957,956.9,955.83,963,686.6,933106,891890850.4,45557,
06-12-2023,EQ,954,963,948.9,950.05,951.7,951.7,954.7,963,686.6,982484,937981330.6,40877,
05-12-2023,EQ,946.7,954.15,944.15,946.65,949.6,950.05,949.96,956.5,686.6,792716,753050697.3,45596,
04-12-2023,EQ,954,956.5,941.95,942.85,945.5,946.65,947.77,956.5,686.6,1112904,1054772322,66590,
01-12-2023,EQ,945.9,952.9,939.75,940.75,943,942.85,945.03,952.9,686.6,1129388,1067310273,42963,
30-11-2023,EQ,932,948.2,932,933.55,938.6,940.75,940.05,948.2,686.6,2982505,2803709451,85175,
29-11-2023,EQ,934.95,937.9,930,931.85,933.8,933.55,934.26,940.85,686.6,1047897,979004008.7,56942,
28-11-2023,EQ,925,934.95,924.75,926.9,932,931.85,930.4,940.85,686.6,904835,841857815.7,52755,
24-11-2023,EQ,934.7,936.85,924,933,929,926.9,928.36,940.85,686.6,521207,483870062,31584,
23-11-2023,EQ,929.15,937.7,927,928.25,934.7,933,931.59,940.85,686.6,907511,845430378.7,50572,
22-11-2023,EQ,931.45,939.8,922.25,927.7,929.1,928.25,930.7,940.85,686.6,885449,824086971,35797,
21-11-2023,EQ,906,931.5,906,930.85,928.3,927.7,927.11,940.85,686.6,804344,745718365.4,38984,
20-11-2023,EQ,935.5,940.85,928.2,930.85,931,930.85,933.21,940.85,686.6,1169030,1090953315,57787,
17-11-2023,EQ,922,934,921,920.05,934,930.85,929.17,934,686.6,961365,893273824.6,47244,
16-11-2023,EQ,933,933,918,929.6,920.5,920.05,925.5,933,686.6,1315309,1217321183,61912,
15-11-2023,EQ,921.4,932,916.35,916.55,929,929.6,924.9,932,686.6,1564164,1446698495,67693,
13-11-2023,EQ,914,920.45,907.1,915.3,917,916.55,915.35,929.45,686.6,904887,828288496.8,42750,
12-11-2023,EQ,922,922,914,912.7,914,915.3,917.51,929.45,686.6,157797,144779842.1,8162,
10-11-2023,EQ,902.85,916.85,896.5,902.85,914.35,912.7,905.88,929.45,686.6,3846444,3484423739,53525,
09-11-2023,EQ,916.3,918.95,898.35,916.3,902.95,902.85,903.18,929.45,686.6,3194352,2885069811,58849,
08-11-2023,EQ,922.5,929.45,914.15,922.05,914.85,916.3,921.42,929.45,686.6,1090425,1004741714,39900,
07-11-2023,EQ,920,923.7,913,918.65,923.5,922.05,919.58,928,686.6,819721,753799048.3,52127,
06-11-2023,EQ,916.75,923.7,916,913.7,919.4,918.65,919.22,928,686.6,742374,682406580.5,34320,
03-11-2023,EQ,912,919.3,911.25,911.25,913,913.7,915.48,928,686.6,901911,825683324.7,43360,
02-11-2023,EQ,910.15,917.7,903.55,903.15,911,911.25,911.35,928,686.6,1082513,986549320.6,55170,
01-11-2023,EQ,906,920,895.7,900.5,904.75,903.15,909.76,928,686.6,2678745,2437022939,82998,
31-10-2023,EQ,899.5,903.4,892,893.55,900.05,900.5,898.64,928,686.6,1082510,972791612.7,42597,
30-10-2023,EQ,886,896,880.2,891.1,892.85,893.55,890.14,928,686.6,1147541,1021473467,58630,
27-10-2023,EQ,880,894.5,876,880.35,890,891.1,889.25,928,686.6,797507,709184024.5,42330,
26-10-2023,EQ,883.25,886.95,872,890,878,880.35,880.14,928,686.6,1966650,1730928635,86324,
25-10-2023,EQ,883.3,894.45,882.35,883.1,889.05,890,888.92,928,686.6,1531972,1361795533,61781,
23-10-2023,EQ,898.75,906.05,880.25,898.95,881.8,883.1,892.78,928,686.6,973113,868776344.3,49066,
20-10-2023,EQ,891.95,901.8,888.65,895.4,899.95,898.95,894.95,928,686.6,2295312,2054178357,69635,
19-10-2023,EQ,896,900.4,879.05,895.7,895,895.4,890.24,928,686.6,1430475,1273459506,79724,
18-10-2023,EQ,912.45,915,892.1,907.85,895.25,895.7,899.24,928,686.6,1218914,1096099248,67788,
17-10-2023,EQ,912.05,928,905.15,908.6,907,907.85,919.34,928,686.6,3228492,2968094086,79088,
16-10-2023,EQ,917.8,917.8,906.05,913.35,909,908.6,912.31,918,686.6,1524935,1391209433,59929,
13-10-2023,EQ,890.25,918,888.85,892.35,911.5,913.35,909.59,918,686.6,5120134,4657224577,141364,
12-10-2023,EQ,888.9,894.15,883.2,888.4,892.5,892.35,890.43,909.9,686.6,775364,690410124.1,65756,
11-10-2023,EQ,895,897.2,886.2,888.75,887,888.4,892.67,909.9,686.6,1062565,948517416.5,36559,
10-10-2023,EQ,885,892.4,881.75,880.65,888.1,888.75,888.1,909.9,686.6,870512,773105941.7,42728,
09-10-2023,EQ,868,883.85,866.8,874.75,879.65,880.65,877.7,909.9,686.6,1200788,1053928844,40324,
06-10-2023,EQ,861,877.5,861,860.2,874.45,874.75,872.73,909.9,686.6,960117,837924099.5,42692,
05-10-2023,EQ,866.05,869.25,857.5,864.75,861.7,860.2,861.69,909.9,686.6,749977,646244713,50800,
04-10-2023,EQ,867,869.85,855,871.9,865,864.75,863.56,909.9,686.6,623081,538069519.4,39540,
03-10-2023,EQ,870,879.55,864.1,876.9,873.85,871.9,871.55,909.9,686.6,1183376,1031374311,46356,
29-09-2023,EQ,885.9,885.9,873.7,876.5,877.5,876.9,878.73,909.9,686.6,817204,718097801.2,35059,
28-09-2023,EQ,894.8,896,870.1,888.85,880,876.5,880.81,909.9,686.6,1801983,1587207333,55298,
27-09-2023,EQ,899,904,886.9,895.2,890.95,888.85,891.92,909.9,686.6,1233749,1100401769,37485,
26-09-2023,EQ,907.6,909.9,891.5,900.6,893,895.2,901.55,909.9,686.6,2064298,1861059864,62927,
25-09-2023,EQ,881.95,905.6,870.55,877.75,905.6,900.6,892.27,905.6,686.6,2700627,2409695698,81137,
22-09-2023,EQ,871,889.85,870.05,871,877,877.75,879.44,897.7,686.6,1518828,1335723671,51025,
21-09-2023,EQ,869,874,861.2,869.7,870.1,871,869.5,897.7,686.6,1165593,1013478894,65458,
20-09-2023,EQ,880.8,880.9,865,880.95,868.5,869.7,870.63,897.7,686.6,924868,805221565.1,36785,
18-09-2023,EQ,883,885.95,875.9,875.9,879,880.95,881.52,897.7,686.6,1084407,955931619.4,34214,
15-09-2023,EQ,887.55,889.75,873.5,884.55,876.45,875.9,877.34,897.7,686.6,1104866,969348132,42144,
14-09-2023,EQ,895,897.7,881,889.3,883.1,884.55,886.54,897.7,686.6,2205160,1954956493,73555,
13-09-2023,EQ,862,891.25,860.15,864.75,890,889.3,879.65,891.25,686.6,2812359,2473889866,69388,
12-09-2023,EQ,867,874,856,862.6,863.45,864.75,865.27,883.95,686.6,1795152,1553299627,61982,
11-09-2023,EQ,855.5,864.95,854.75,853.1,863,862.6,860.96,883.95,686.6,1039583,895037072.7,46295,
08-09-2023,EQ,864,864.85,851.75,858.7,853.3,853.1,855.86,883.95,686.6,901217,771314235.2,29341,
07-09-2023,EQ,865.7,866.95,854,878.9,858.95,858.7,858.74,883.95,686.6,3458930,2970327828,76712,
06-09-2023,EQ,845.8,883,845.5,846.3,881.05,878.9,868.21,883.95,686.6,3618782,3141879703,94086,
05-09-2023,EQ,847,852.4,843.05,846.05,847,846.3,847.59,883.95,686.6,745626,631983010.1,29982,
04-09-2023,EQ,844,849,837,844.15,843.3,846.05,843.01,883.95,686.6,705024,594345390.7,29092,
01-09-2023,EQ,833,847.4,833,834.35,843.35,844.15,842.7,883.95,686.6,661741,557649158.9,36286,
31-08-2023,EQ,848.35,851.45,829.05,848.35,837,834.35,836.89,883.95,686.6,2025392,1695038046,49577,
30-08-2023,EQ,841,849.3,838.7,838.25,848,848.35,846.21,883.95,686.6,604884,511856983.3,24450,
29-08-2023,EQ,841,843.95,836,841.8,837.9,838.25,838.92,883.95,686.6,606053,508429388.6,25215,
28-08-2023,EQ,832.5,842.95,828.25,832.55,840,841.8,837.08,883.95,686.6,649996,544099213.5,36459,
25-08-2023,EQ,840,846.15,830.15,844.2,831,832.55,836.2,883.95,686.6,1149261,961008108,29831,
24-08-2023,EQ,845,854.8,842.1,844.55,845,844.2,847.26,883.95,686.6,1482572,1256126302,33702,
23-08-2023,EQ,848,848,840.35,848.8,844,844.55,843.94,883.95,686.6,516482,435880973.9,24957,
22-08-2023,EQ,847,851.55,844,848.5,846.5,848.8,849.15,883.95,686.6,782931,664822092.4,34701,
21-08-2023,EQ,846,849.4,840.8,842.55,847.05,848.5,846.19,883.95,686.6,680778,576070617.1,25781,
18-08-2023,EQ,845,848.95,835.5,844.25,843.4,842.55,843.26,883.95,686.6,1145798,966201450.8,38556,
17-08-2023,EQ,835,845.95,835,840.7,844.9,844.25,841.71,883.95,686.6,1105325,930364637.4,51743,
16-08-2023,EQ,840.9,843.45,836.8,844.7,838,840.7,840.15,883.95,686.6,360863,303178743.3,14680,
14-08-2023,EQ,838.85,845.9,829.65,836.9,845,844.7,840.85,883.95,686.6,754694,634580827.5,32827,
11-08-2023,EQ,849.7,853.85,835,850.55,835.8,836.9,840.05,883.95,686.6,909080,763674939.8,31864,
10-08-2023,EQ,861.15,863.2,848,860.2,850.7,850.55,852.62,883.95,686.6,941390,802647774.2,34575,
09-08-2023,EQ,851,862.45,847.65,847.45,860.85,860.2,854.13,883.95,686.6,1704615,1455968179,38792,
08-08-2023,EQ,839,853.1,833.75,837.8,846,847.45,842.8,883.95,686.6,1252297,1055437231,40626,
07-08-2023,EQ,836.95,840.65,829.5,834.8,835.3,837.8,835.85,883.95,686.6,1106208,924627826.9,39736,
04-08-2023,EQ,837.05,841.6,832.3,835.4,834,834.8,835.09,883.95,686.6,887582,741208315.2,30907,
03-08-2023,EQ,840,841.65,832.55,843.05,834.9,835.4,837.71,883.95,686.6,1375222,1152037475,44649,
02-08-2023,EQ,855,855,838.2,856.75,840.8,843.05,842.78,883.95,686.6,1604731,1352439860,48837,
01-08-2023,EQ,861.9,863.3,853.1,859.3,857,856.75,857.53,883.95,686.6,987812,847080219.7,44159,
31-07-2023,EQ,859.35,860.85,852.5,859.35,859,859.3,858.27,883.95,686.6,1454789,1248598781,45453,
28-07-2023,EQ,854.25,860.4,842,850.05,859.4,859.35,856.61,883.95,686.6,2365708,2026496235,44613,
27-07-2023,EQ,875.95,880,847.7,873.9,850.2,850.05,856.8,883.95,686.6,3203072,2744395602,80739,
26-07-2023,EQ,873.95,883.95,869.55,868.55,870.1,873.9,876.3,883.95,686.6,1940116,1700119245,78581,
25-07-2023,EQ,863.1,869.5,856,863.1,869,868.55,864.06,877.2,686.6,873678,754905964.4,36427,
24-07-2023,EQ,854,867,848.9,852.35,860.2,863.1,860.58,877.2,686.6,1149904,989584683.5,32777,
21-07-2023,EQ,873.7,876.4,849.6,873.1,852.9,852.35,861.91,877.2,686.6,1230534,1060605008,46009,
20-07-2023,EQ,860,875,854.55,860.45,875,873.1,867.29,877.2,686.6,1381298,1197989324,64984,
19-07-2023,EQ,864.95,864.95,854.4,858.7,859,860.45,859.9,877.2,686.6,952601,819143265,36896,
18-07-2023,EQ,854.2,863,848.45,852.6,859,858.7,855.77,877.2,686.6,1412514,1208781306,41562,
17-07-2023,EQ,855.1,860.7,849.35,851.5,851,852.6,853.68,877.2,686.6,1200820,1025119846,42060,
14-07-2023,EQ,838.95,852.75,833.6,837.35,852,851.5,845.61,877.2,686.6,1705168,1441904555,42160,
13-07-2023,EQ,847,849,835.2,843.25,837,837.35,842.65,877.2,686.6,985928,830796132.1,33034,
